caseid,ideo5,pid7,race,gender,educ,age,inputstate,pew_churatd,newsint,poldisc_intldisc
1,-1,1,3,1,2,43,"inapplicable, legitimate skip",-1,-1,3
2,2,1,2,2,3,33,Pennsylvania,3,-1,4
3,3,5,1,2,4,24,North Carolina,6,4,3
4,-1,-1,1,1,4,22,"inapplicable, legitimate skip",-1,4,5
5,5,7,1,1,2,78,Missouri,4,1,2
6,1,1,1,2,5,-1,"inapplicable, legitimate skip",6,2,-1
7,3,6,1,2,3,-1,"inapplicable, legitimate skip",4,1,-1
8,3,4,2,1,3,-1,"inapplicable, legitimate skip",5,1,-1
9,3,5,1,1,3,35,New Jersey,1,1,4
10,5,7,1,2,2,38,Pennsylvania,6,1,3
11,-1,-1,1,-1,4,-1,-1,-1,-1,4
12,3,-1,1,2,3,74,Virginia,3,3,1
13,3,2,1,2,5,39,New York,5,3,2
14,5,2,3,2,4,41,"inapplicable, legitimate skip",5,3,3
15,5,6,1,2,5,38,Arizona,6,1,1
16,1,3,1,1,3,20,Washington,6,1,1
17,3,2,1,1,5,61,"inapplicable, legitimate skip",5,1,-1
18,2,1,4,2,6,74,California,3,2,2
19,5,6,1,1,3,73,Tennessee,6,1,3
20,-1,-1,2,2,2,35,Nevada,6,-1,3
21,3,3,3,1,3,23,Virginia,2,3,2
22,3,6,1,1,3,68,North Carolina,3,1,3
23,3,4,1,2,5,28,Georgia,1,3,2
24,3,1,-1,1,5,24,New York,2,2,3
25,3,3,1,2,5,59,Indiana,4,2,1
26,-1,4,1,2,2,25,North Carolina,6,4,1
27,3,4,1,2,3,22,Utah,1,3,2
28,5,7,1,2,3,73,Iowa,5,1,2
29,3,4,1,1,4,73,Tennessee,6,2,1
30,-1,-1,1,2,3,67,"inapplicable, legitimate skip",-1,-1,1
31,3,4,-1,2,2,40,"inapplicable, legitimate skip",4,2,-1
32,2,2,2,2,5,31,Florida,4,3,3
33,5,3,1,2,4,71,Florida,5,2,5
34,1,1,1,2,6,24,Washington,5,2,1
35,2,3,1,2,3,69,"inapplicable, legitimate skip",6,1,2
36,5,5,1,2,3,57,Virginia,5,2,1
37,2,1,1,2,5,64,Pennsylvania,6,1,1
38,5,5,3,1,2,22,New York,2,2,3
39,5,7,1,2,2,76,Ohio,2,1,2
40,3,4,1,2,4,75,Illinois,3,3,1
41,2,3,1,1,4,34,"inapplicable, legitimate skip",5,1,3
42,2,2,1,1,3,40,Michigan,6,3,3
43,3,5,1,2,2,63,"inapplicable, legitimate skip",5,2,-1
44,2,2,4,2,5,29,Illinois,4,4,4
45,3,-1,2,1,2,63,South Carolina,2,-1,1
46,3,4,1,1,6,33,Wisconsin,2,1,1
47,2,1,1,1,3,76,Iowa,5,1,3
48,1,1,1,1,5,85,"inapplicable, legitimate skip",6,1,-1
49,5,7,1,2,2,69,Missouri,5,1,4
50,5,5,1,2,3,58,Utah,5,2,1
51,2,1,2,1,6,77,Alabama,3,1,3
52,3,6,1,2,5,66,Wisconsin,6,3,1
53,1,1,1,1,5,62,Colorado,4,1,1
54,-1,4,2,2,3,67,Alabama,4,2,1
55,1,1,1,2,5,55,Massachusetts,6,2,3
56,2,1,1,2,5,64,Florida,6,1,3
57,2,3,1,2,6,74,California,3,2,1
58,2,1,1,2,5,26,North Carolina,3,1,4
59,5,7,2,1,2,53,Minnesota,2,1,5
60,3,4,1,2,5,70,"inapplicable, legitimate skip",5,2,-1
61,3,4,1,2,3,70,Michigan,4,1,3
62,5,7,1,1,5,34,North Carolina,6,1,1
63,5,7,1,2,2,76,California,2,1,3
64,2,3,1,2,6,80,"inapplicable, legitimate skip",1,1,-1
65,5,7,1,1,4,80,Florida,4,1,1
66,5,7,1,2,3,37,Delaware,5,1,5
67,1,1,1,1,5,58,California,6,1,2
68,3,4,1,1,5,68,North Carolina,5,1,4
69,2,1,1,2,4,55,Ohio,4,2,1
70,1,1,-1,2,3,59,Louisiana,6,2,1
71,2,1,1,1,3,67,West Virginia,6,1,2
72,3,1,1,1,6,69,New York,6,1,2
73,5,7,1,2,4,73,Pennsylvania,1,1,3
74,-1,3,1,2,3,21,South Carolina,5,4,1
75,3,3,1,2,6,65,Pennsylvania,3,1,1
76,5,4,1,1,3,59,Michigan,5,1,1
77,1,1,1,2,5,71,Minnesota,6,1,2
78,3,7,1,2,3,32,Missouri,3,4,1
79,3,1,1,2,6,66,Indiana,4,1,3
80,3,3,1,2,5,72,Wyoming,3,1,1
81,1,4,3,1,5,61,Arizona,6,2,1
82,5,7,1,2,3,79,California,2,1,1
83,3,4,-1,2,4,58,Washington,6,2,3
84,5,5,1,1,2,58,New York,6,2,3
85,3,2,1,1,3,21,California,4,2,3
86,2,3,1,1,6,36,Missouri,6,1,1
87,5,7,1,2,3,55,Pennsylvania,2,1,5
88,3,2,1,1,6,73,Louisiana,2,1,1
89,3,2,-1,1,2,31,Michigan,3,2,2
90,1,1,1,2,6,43,South Carolina,5,1,5
91,1,1,1,1,3,39,California,6,1,1
92,5,2,1,1,6,24,Texas,2,2,5
93,2,1,1,2,2,63,"inapplicable, legitimate skip",4,1,-1
94,3,-1,1,2,2,28,"inapplicable, legitimate skip",2,4,2
95,1,1,2,2,6,62,"inapplicable, legitimate skip",2,1,1
96,1,3,1,1,5,24,California,6,1,1
97,2,1,1,2,2,76,Massachusetts,6,1,1
98,2,1,1,1,5,72,Michigan,6,1,2
99,1,1,1,2,5,24,Indiana,6,1,2
100,5,1,3,1,6,24,New York,1,2,4
101,1,3,1,2,6,30,Kansas,6,3,1
102,5,5,1,1,5,69,"inapplicable, legitimate skip",4,1,-1
103,3,4,-1,1,3,35,California,6,-1,4
104,-1,1,-1,2,4,60,Louisiana,-1,3,1
105,3,3,1,1,5,70,Florida,5,1,3
106,5,7,1,2,3,70,"inapplicable, legitimate skip",1,1,1
107,5,7,1,2,5,34,Pennsylvania,1,3,2
108,1,1,1,1,6,48,Arizona,1,1,1
109,2,3,1,2,3,39,Washington,3,2,1
110,5,6,1,1,5,54,North Dakota,3,2,1
111,5,7,1,1,2,70,Texas,6,1,1
112,3,5,1,1,4,76,Texas,6,1,1
113,3,1,2,2,6,29,Florida,2,1,3
114,3,1,2,2,3,65,Florida,2,2,3
115,5,7,1,2,3,52,New Jersey,6,1,1
116,3,7,2,1,1,42,Michigan,6,-1,3
117,-1,-1,1,2,3,42,"inapplicable, legitimate skip",4,4,2
118,5,7,1,2,2,61,Indiana,6,2,1
119,5,6,3,2,2,33,"inapplicable, legitimate skip",4,2,5
120,5,5,1,1,2,64,Indiana,3,2,1
121,5,7,1,1,2,57,Ohio,5,1,1
122,5,6,3,2,3,20,Florida,5,2,2
123,5,7,1,1,2,57,Pennsylvania,6,1,1
124,5,7,1,2,2,56,Ohio,2,1,3
125,5,5,1,1,4,62,Texas,6,1,1
126,2,2,3,1,3,43,Washington,6,2,1
127,5,7,1,1,2,73,Texas,6,1,1
128,3,5,1,2,2,83,Louisiana,3,1,1
129,3,-1,1,2,3,59,Virginia,5,4,1
130,-1,3,2,2,2,73,"inapplicable, legitimate skip",2,4,2
131,3,7,1,2,4,57,Missouri,4,2,1
132,5,7,1,1,2,48,New York,5,4,1
133,3,6,1,1,2,62,Pennsylvania,4,2,1
134,3,4,3,2,1,33,New York,6,-1,2
135,5,7,1,2,3,63,Texas,2,2,3
136,5,6,1,1,2,59,"inapplicable, legitimate skip",5,1,1
137,5,7,1,1,2,63,Indiana,5,1,2
138,3,5,1,2,4,54,"inapplicable, legitimate skip",6,2,-1
139,5,5,-1,1,2,45,Georgia,1,3,2
140,5,4,1,2,2,57,Florida,6,3,3
141,3,2,2,2,1,33,Michigan,6,3,2
142,5,7,1,2,2,39,Maryland,4,3,1
143,3,7,1,2,5,59,Alaska,6,1,1
144,3,4,3,1,2,40,Texas,6,1,1
145,5,4,1,2,6,55,New York,6,-1,1
146,-1,4,1,2,6,59,Michigan,5,2,2
147,2,1,5,2,6,67,California,6,1,3
148,1,1,4,2,5,23,Tennessee,6,2,2
149,3,3,-1,2,2,28,"inapplicable, legitimate skip",6,4,5
150,1,1,1,1,2,28,California,2,2,1
151,5,7,1,2,5,34,Colorado,1,2,2
152,3,-1,1,2,1,20,Utah,2,1,4
153,5,4,1,1,2,28,Mississippi,5,3,3
154,3,7,1,1,2,56,Maryland,4,1,1
155,2,1,2,2,5,43,Florida,2,3,1
156,5,6,3,1,2,35,Pennsylvania,3,2,1
157,5,2,3,2,2,71,New Mexico,4,1,1
158,5,5,1,2,6,67,Texas,4,1,2
159,-1,-1,1,2,6,31,Arizona,4,3,3
160,-1,1,2,2,4,68,South Carolina,1,2,1
161,5,7,3,2,3,46,Texas,1,2,1
162,1,3,2,1,5,52,California,6,2,2
163,5,7,1,2,4,79,New Mexico,1,1,1
164,5,7,1,2,2,65,Tennessee,2,2,1
165,3,5,1,1,6,39,"inapplicable, legitimate skip",5,2,-1
166,-1,4,3,2,4,26,"inapplicable, legitimate skip",5,3,-1
167,1,4,1,2,2,33,Massachusetts,5,2,1
168,-1,1,2,2,4,60,Georgia,2,1,1
169,3,5,4,2,6,42,Texas,2,1,4
170,3,1,1,2,3,72,Florida,3,1,2
171,2,1,1,2,3,70,California,6,2,1
172,1,1,-1,2,5,29,Indiana,6,2,1
173,3,3,1,1,5,81,Connecticut,5,1,1
174,3,2,1,2,2,51,Ohio,6,4,1
175,5,7,1,1,2,40,Texas,5,4,3
176,3,1,5,1,2,27,New York,4,4,1
177,5,7,1,1,5,83,South Carolina,4,1,2
178,5,5,1,1,6,73,Arizona,3,1,3
179,-1,1,2,2,4,69,Illinois,2,4,1
180,5,5,1,1,2,62,Florida,6,1,1
181,2,1,2,1,5,31,Illinois,2,2,3
182,3,4,1,2,3,60,Florida,6,4,1
183,5,6,1,1,2,50,Kentucky,6,2,2
184,5,5,1,1,3,67,North Carolina,2,1,2
185,1,1,1,2,4,56,Rhode Island,5,1,2
186,5,7,1,2,4,63,New Jersey,3,1,1
187,5,5,1,1,2,62,Florida,3,1,2
188,5,7,1,1,3,69,Illinois,2,1,1
189,2,3,1,2,5,71,Colorado,6,1,4
190,5,4,1,1,3,77,Arizona,5,1,2
191,3,4,1,1,5,72,Florida,5,1,2
192,-1,2,2,2,1,50,"inapplicable, legitimate skip",6,3,1
193,2,1,3,2,1,72,Arizona,1,1,1
194,3,5,1,2,5,72,Idaho,2,2,1
195,5,7,1,1,5,77,"inapplicable, legitimate skip",4,1,-1
196,2,1,1,1,5,68,Illinois,5,1,1
197,2,2,1,1,5,75,Georgia,3,1,1
198,2,3,1,1,5,76,Colorado,6,1,1
199,3,1,2,2,2,52,"inapplicable, legitimate skip",1,1,1
200,5,3,1,1,2,21,Indiana,1,1,3
201,3,5,3,1,5,23,New Jersey,2,4,1
202,3,6,1,1,5,67,Arizona,6,1,1
203,3,1,2,1,3,64,Maryland,5,1,1
204,-1,2,1,1,2,42,Washington,5,4,1
205,5,6,1,2,5,29,Washington,4,2,1
206,1,1,1,1,5,37,New York,2,1,3
207,3,4,4,1,5,33,New York,5,2,3
208,3,4,1,1,2,51,Kentucky,6,2,2
209,5,6,1,1,2,42,Illinois,6,3,3
210,3,3,1,2,6,72,Tennessee,5,1,1
211,3,4,1,2,5,71,California,4,2,3
212,5,7,1,1,5,74,Mississippi,6,1,3
213,3,4,1,1,4,74,Florida,5,1,3
214,3,5,1,1,5,76,California,2,1,1
215,2,1,1,1,6,69,Wisconsin,5,3,1
216,1,1,1,1,3,67,Michigan,5,1,3
217,3,6,1,2,5,76,North Carolina,6,1,1
218,5,7,1,1,4,77,Pennsylvania,2,1,1
219,2,1,1,1,5,75,New Jersey,5,1,3
220,2,1,1,1,3,66,Tennessee,6,2,2
221,3,2,2,2,2,59,"inapplicable, legitimate skip",2,2,1
222,3,7,1,2,1,57,Tennessee,5,3,1
223,5,7,1,1,5,83,"inapplicable, legitimate skip",2,1,-1
224,-1,-1,1,1,5,61,Illinois,6,1,5
225,5,4,1,1,3,65,"inapplicable, legitimate skip",1,1,-1
226,5,5,1,1,3,85,Virginia,5,1,1
227,3,4,1,1,3,76,Texas,6,1,1
228,5,6,1,1,5,76,Indiana,6,1,1
229,3,4,1,1,3,77,New Hampshire,5,2,3
230,5,7,1,1,5,66,Nevada,1,1,5
231,5,7,1,2,4,62,Pennsylvania,2,4,1
232,5,-1,5,1,3,52,South Carolina,6,2,1
233,1,1,1,1,5,34,Michigan,4,2,1
234,3,1,3,2,3,57,California,1,4,3
235,2,4,5,2,1,21,Arizona,6,4,1
236,-1,-1,2,1,4,-1,"inapplicable, legitimate skip",-1,-1,-1
237,-1,-1,1,2,2,72,"inapplicable, legitimate skip",-1,1,-1
238,3,4,-1,1,5,57,Virginia,5,1,1
239,5,5,1,1,2,62,Michigan,5,1,1
240,5,7,1,2,6,57,New York,2,2,1
241,5,2,-1,2,5,37,Colorado,5,2,1
242,5,7,3,2,6,39,New York,2,1,1
243,3,1,1,1,3,52,Michigan,4,1,2
244,2,5,-1,1,5,35,Maryland,5,4,4
245,3,3,1,1,6,72,Louisiana,6,3,2
246,2,2,1,1,5,39,Florida,5,2,2
247,5,7,1,1,5,76,Nevada,5,1,4
248,5,4,1,1,4,67,New York,6,1,1
249,5,5,1,2,6,71,West Virginia,5,1,1
250,1,1,1,2,5,75,New Mexico,-1,2,1
251,3,6,1,1,5,70,Missouri,2,2,2
252,5,4,1,1,6,73,"inapplicable, legitimate skip",2,1,2
253,5,5,1,1,5,61,"inapplicable, legitimate skip",2,2,2
254,5,5,1,1,5,78,Maryland,2,1,2
255,5,7,1,1,5,57,Texas,5,1,3
256,5,6,1,1,6,60,"inapplicable, legitimate skip",6,1,-1
257,2,3,1,1,5,43,Pennsylvania,6,3,1
258,3,2,1,2,2,29,New Jersey,6,4,3
259,5,7,1,1,2,58,Iowa,3,1,1
260,5,5,-1,1,2,61,Oklahoma,5,1,1
261,5,6,1,1,2,60,Indiana,6,2,2
262,1,7,2,1,2,23,Illinois,1,2,3
263,5,7,1,1,5,80,Florida,4,1,1
264,3,1,1,1,5,74,"inapplicable, legitimate skip",6,1,-1
265,5,5,1,1,3,78,Minnesota,2,1,3
266,5,4,1,1,5,65,Alabama,1,1,1
267,-1,4,1,1,3,72,"inapplicable, legitimate skip",6,4,-1
268,3,3,1,1,6,80,West Virginia,5,1,2
269,3,3,1,1,4,69,Tennessee,2,1,1
270,5,5,1,1,6,77,Nebraska,2,1,1
271,5,6,1,2,3,74,South Carolina,5,1,1
272,2,4,3,2,3,37,Nevada,4,2,1
273,5,-1,1,2,5,24,Pennsylvania,6,3,2
274,5,5,1,1,5,51,Florida,5,2,2
275,3,5,1,1,2,64,West Virginia,6,2,1
276,2,1,1,1,2,18,Oklahoma,3,1,4
277,2,-1,3,2,2,26,"inapplicable, legitimate skip",-1,-1,3
278,1,3,-1,1,4,57,Florida,6,1,3
279,2,1,1,2,5,65,North Carolina,5,1,1
280,5,7,1,2,5,71,Alabama,2,1,2
281,5,7,1,2,6,70,Oklahoma,1,1,2
282,5,7,1,2,6,70,"inapplicable, legitimate skip",1,1,-1
283,5,2,3,2,5,53,Texas,3,3,2
284,2,2,1,1,4,71,Washington,6,1,1
285,3,2,-1,1,3,61,District of Columbia,3,1,1
286,5,6,1,1,2,51,Tennessee,2,1,1
287,3,4,1,2,2,51,Indiana,1,3,2
288,-1,4,1,2,2,24,Washington,6,1,1
289,3,2,1,2,2,43,Georgia,1,1,2
290,-1,6,1,2,2,-1,"inapplicable, legitimate skip",6,4,-1
291,3,2,1,2,3,20,Texas,4,-1,1
292,2,1,1,2,5,78,California,5,1,2
293,2,1,1,2,6,77,Arkansas,4,1,3
294,2,3,1,1,5,71,Georgia,6,2,1
295,5,5,1,1,6,77,New Jersey,-1,1,1
296,3,2,1,1,5,55,Arkansas,5,2,4
297,3,5,1,1,5,75,Florida,4,2,2
298,5,6,1,2,5,27,Tennessee,3,2,1
299,5,5,1,1,3,65,Florida,5,1,4
300,3,4,3,2,3,69,North Carolina,4,3,1
301,-1,2,2,2,3,27,North Carolina,3,3,1
302,-1,-1,1,2,2,35,Michigan,5,4,1
303,-1,3,2,2,2,19,"inapplicable, legitimate skip",6,4,1
304,5,7,1,1,5,81,Kansas,5,2,2
305,5,7,2,1,6,69,Connecticut,2,1,2
306,1,1,1,1,3,71,Nebraska,5,1,3
307,3,4,1,1,4,69,Washington,3,1,1
308,2,1,3,1,5,42,Nevada,5,1,1
309,3,6,1,2,5,27,North Dakota,4,3,2
310,3,2,2,2,3,38,Texas,6,4,1
311,2,2,2,2,2,44,New Jersey,1,1,3
312,3,1,1,2,5,23,California,1,3,3
313,1,1,2,2,4,65,"inapplicable, legitimate skip",2,2,-1
314,2,1,1,2,6,74,Illinois,6,1,3
315,5,7,3,2,1,68,"inapplicable, legitimate skip",5,2,-1
316,2,1,1,1,6,69,Florida,5,3,2
317,3,2,1,1,6,75,Florida,4,1,1
318,2,3,1,2,6,75,Maine,6,1,1
319,1,1,1,1,5,68,Rhode Island,6,1,2
320,3,1,1,1,5,76,California,6,1,1
321,5,7,1,1,5,77,California,2,1,1
322,1,1,2,1,2,67,Alabama,4,1,1
323,3,2,1,1,3,72,New York,1,1,3
324,3,4,2,1,3,68,Connecticut,4,3,2
325,2,1,1,2,3,21,Nevada,2,1,3
326,1,1,1,2,5,24,Pennsylvania,6,-1,3
327,5,7,1,1,3,73,Wisconsin,3,1,2
328,5,5,1,1,4,66,Florida,2,1,1
329,5,4,1,1,3,42,"inapplicable, legitimate skip",4,1,4
330,3,5,1,1,5,71,Texas,3,1,1
331,3,6,3,2,3,35,Texas,6,3,2
332,5,7,1,1,3,48,Texas,6,1,1
333,2,1,1,1,6,25,Kansas,6,1,4
334,3,4,1,2,5,64,West Virginia,6,3,1
335,-1,4,-1,2,2,39,Florida,6,4,1
336,2,1,2,2,6,36,Florida,5,4,2
337,3,1,2,2,5,42,"inapplicable, legitimate skip",4,3,2
338,5,6,1,2,2,61,Vermont,6,2,3
339,3,6,1,1,2,63,Oklahoma,5,3,1
340,5,6,2,1,2,31,Texas,2,2,4
341,5,6,1,1,5,61,"inapplicable, legitimate skip",3,1,-1
342,2,-1,3,2,2,49,New Jersey,3,2,3
343,5,6,1,1,2,64,Texas,6,1,1
344,5,2,-1,2,3,30,"inapplicable, legitimate skip",4,-1,3
345,3,3,2,1,3,57,"inapplicable, legitimate skip",2,2,-1
346,-1,5,1,1,4,47,Rhode Island,5,4,1
347,2,2,3,2,4,20,California,4,2,2
348,5,5,1,1,3,51,Texas,1,1,2
349,1,1,1,1,3,52,Oregon,3,1,3
350,5,2,1,1,2,64,Arizona,6,1,3
351,-1,4,1,2,2,35,New Mexico,6,-1,1
352,1,3,1,2,2,20,Florida,6,2,1
353,3,6,-1,2,2,60,California,5,2,4
354,2,3,1,1,2,44,Michigan,6,1,1
355,-1,-1,2,2,2,22,South Carolina,6,4,2
356,3,7,1,2,2,60,Florida,5,1,3
357,3,4,3,2,2,20,Massachusetts,4,3,2
358,-1,-1,4,2,2,61,"inapplicable, legitimate skip",-1,-1,3
359,3,1,1,2,5,-1,"inapplicable, legitimate skip",2,3,-1
360,2,4,1,2,3,50,Louisiana,3,4,1
361,2,1,3,1,3,38,California,6,2,3
362,5,3,3,2,3,40,"inapplicable, legitimate skip",4,2,-1
363,-1,-1,3,2,2,47,California,4,2,2
364,3,2,3,2,2,54,New York,5,3,2
365,-1,4,1,2,3,43,Wisconsin,6,-1,1
366,2,1,2,2,6,65,South Carolina,5,1,5
367,3,2,1,1,2,27,Georgia,5,2,3
368,3,4,3,2,2,24,Ohio,5,2,4
369,-1,1,-1,2,4,56,North Carolina,-1,2,1
370,-1,4,4,2,3,23,Virginia,4,4,1
371,2,-1,3,2,3,28,"inapplicable, legitimate skip",2,2,-1
372,-1,6,1,2,3,-1,"inapplicable, legitimate skip",-1,-1,-1
373,3,4,2,2,2,27,Texas,6,3,3
374,-1,-1,3,2,1,-1,"inapplicable, legitimate skip",-1,-1,-1
375,2,6,2,2,2,20,New York,1,2,4
376,3,1,2,2,1,58,Texas,6,2,2
377,1,3,3,2,2,26,California,5,2,1
378,-1,-1,3,2,4,26,Florida,1,-1,1
379,3,4,1,1,4,28,California,6,2,4
380,5,6,3,1,3,58,Texas,2,1,1
381,5,5,1,1,3,57,Alaska,1,1,1
382,-1,5,2,1,2,39,Maryland,6,1,2
383,3,7,2,1,5,31,Texas,2,3,3
384,3,6,1,2,4,30,Kentucky,6,4,1
385,3,6,5,2,5,25,New Jersey,5,4,3
386,3,-1,1,2,3,63,Tennessee,5,3,5
387,5,6,1,2,2,59,Florida,5,3,1
388,1,2,1,1,3,26,New York,6,1,5
389,5,7,1,2,2,-1,"inapplicable, legitimate skip",6,2,-1
390,3,6,1,1,1,64,"inapplicable, legitimate skip",2,2,4
391,5,4,1,2,1,42,Tennessee,6,4,1
392,-1,2,1,2,3,32,Michigan,6,4,1
393,3,1,2,2,2,58,North Carolina,1,2,3
394,3,4,1,2,1,61,North Carolina,2,3,1
395,5,5,1,2,2,64,Pennsylvania,5,1,3
396,2,3,3,2,4,20,Texas,2,2,1
397,2,1,1,1,2,38,Oklahoma,6,1,2
398,-1,7,1,2,2,55,Texas,5,1,1
399,3,-1,3,1,1,37,Colorado,6,3,1
400,3,4,1,2,5,51,Maryland,2,2,2
401,3,5,1,1,2,63,New Hampshire,6,1,1
402,2,1,1,1,2,41,Alabama,6,2,2
403,5,5,1,2,4,51,South Carolina,2,2,1
404,5,7,1,2,2,63,Georgia,2,1,3
405,2,-1,1,2,2,48,Pennsylvania,6,3,1
406,1,1,3,1,2,60,California,6,1,1
407,3,5,1,1,2,56,Ohio,6,2,1
408,3,7,1,1,5,55,Colorado,6,3,1
409,3,1,1,1,2,24,New York,2,2,3
410,5,7,1,2,2,60,Louisiana,6,2,1
411,5,6,1,2,2,31,Wisconsin,4,2,1
412,2,4,3,1,3,44,Utah,6,1,3
413,-1,7,1,1,2,59,Missouri,6,2,1
414,5,7,1,2,2,52,Pennsylvania,6,1,1
415,5,7,1,1,2,62,Arizona,6,1,1
416,2,1,4,2,5,49,New Jersey,6,1,2
417,-1,4,5,1,3,40,Illinois,5,3,2
418,1,-1,1,2,5,36,Montana,6,1,4
419,-1,-1,-1,1,2,31,"inapplicable, legitimate skip",-1,-1,1
420,3,1,2,1,4,28,Virginia,4,2,2
421,5,6,1,1,3,60,Illinois,5,3,1
422,5,6,1,1,3,64,Wisconsin,5,1,1
423,3,1,2,2,5,62,Florida,4,1,4
424,2,1,1,2,5,61,Florida,2,1,1
425,3,5,1,1,3,62,"inapplicable, legitimate skip",5,2,-1
426,5,7,3,1,2,44,Florida,4,1,2
427,5,7,1,2,5,30,"inapplicable, legitimate skip",5,4,2
428,3,3,1,2,3,62,Minnesota,6,4,1
429,5,6,1,1,2,45,Minnesota,5,1,1
430,3,6,1,2,2,61,Florida,6,4,1
431,5,4,2,2,3,46,"inapplicable, legitimate skip",5,3,-1
432,2,3,1,1,3,44,Wisconsin,6,1,1
433,3,2,4,2,5,53,Oregon,2,1,3
434,5,4,1,1,3,79,Texas,5,1,4
435,5,4,1,1,5,62,California,6,-1,1
436,-1,5,1,1,2,36,Texas,-1,2,1
437,3,4,2,1,4,56,"inapplicable, legitimate skip",6,3,1
438,3,2,1,1,2,22,Texas,3,3,3
439,3,1,-1,2,1,23,Illinois,6,3,5
440,3,2,1,2,3,54,California,6,2,1
441,2,1,-1,1,6,61,Indiana,4,1,3
442,3,7,1,2,3,56,Missouri,5,2,1
443,-1,4,1,2,2,56,California,4,3,1
444,2,2,-1,2,5,23,"inapplicable, legitimate skip",4,4,1
445,5,4,2,1,2,29,New Jersey,-1,3,3
446,5,2,3,1,1,67,Texas,4,1,2
447,5,7,1,2,3,58,New Jersey,1,1,2
448,-1,-1,1,2,2,22,"inapplicable, legitimate skip",6,-1,-1
449,5,1,2,1,5,45,Florida,2,1,4
450,-1,-1,1,2,1,26,Massachusetts,6,4,1
451,1,3,-1,1,5,47,Texas,5,1,2
452,-1,-1,-1,2,5,46,"inapplicable, legitimate skip",-1,-1,-1
453,3,1,2,1,5,25,New York,1,2,3
454,2,2,4,1,3,49,California,6,1,1
455,5,6,1,2,2,52,Pennsylvania,6,1,1
456,3,3,1,1,3,38,Ohio,-1,1,5
457,5,7,3,1,3,52,Texas,5,1,3
458,3,2,1,2,2,43,New York,2,2,3
459,3,1,1,2,4,64,Alabama,6,1,4
460,2,1,1,2,5,53,Ohio,5,3,2
461,2,2,3,2,5,44,Colorado,6,1,3
462,5,5,1,2,3,82,Maryland,5,1,1
463,5,4,1,2,2,53,Missouri,5,4,1
464,3,6,1,2,2,58,Washington,5,3,1
465,-1,3,3,1,1,44,California,5,3,2
466,5,2,2,1,3,29,South Dakota,4,2,3
467,-1,1,1,2,6,19,"inapplicable, legitimate skip",-1,-1,2
468,2,2,3,2,4,39,Illinois,5,2,2
469,3,3,3,2,2,50,Colorado,6,4,3
470,5,5,1,1,4,61,Nevada,5,1,1
471,1,1,1,1,1,43,Missouri,6,1,1
472,5,7,1,1,4,29,Vermont,5,2,1
473,1,4,1,2,3,51,Arizona,2,2,1
474,5,6,1,2,3,60,Pennsylvania,2,1,2
475,3,4,3,1,5,23,New Jersey,6,4,2
476,5,6,1,2,2,58,"inapplicable, legitimate skip",6,2,1
477,5,7,1,2,2,61,Ohio,4,1,1
478,5,7,-1,2,5,60,Massachusetts,1,2,2
479,3,4,3,2,6,46,California,5,2,1
480,2,1,2,1,3,63,Ohio,2,1,1
481,-1,-1,1,2,3,59,"inapplicable, legitimate skip",-1,-1,2
482,3,2,3,2,5,49,New York,6,2,1
483,2,1,3,2,5,43,California,5,4,1
484,2,2,1,2,3,56,North Carolina,6,1,1
485,5,7,1,1,5,48,Indiana,6,1,1
486,3,4,1,1,4,59,Illinois,6,1,2
487,2,1,1,1,6,44,Virginia,6,1,2
488,2,1,2,2,2,64,Virginia,6,3,1
489,1,1,1,1,4,39,Washington,6,2,1
490,3,5,1,2,2,26,Mississippi,1,1,3
491,3,3,1,1,5,63,Tennessee,2,1,2
492,2,2,1,1,3,35,Ohio,6,2,1
493,5,4,5,2,2,36,North Carolina,6,4,1
494,-1,1,1,1,2,24,Florida,-1,1,4
495,3,4,2,2,3,55,Ohio,5,3,1
496,5,7,1,1,2,63,Louisiana,6,-1,3
497,5,5,3,1,3,53,Colorado,3,3,1
498,5,7,1,1,2,36,Oregon,3,1,1
499,5,7,1,1,2,47,Maryland,2,1,1
500,5,4,2,1,3,33,Texas,4,3,3
501,3,4,-1,1,3,-1,"inapplicable, legitimate skip",5,1,-1
502,5,5,3,2,2,60,Florida,6,1,3
503,1,3,3,1,4,32,California,6,1,1
504,3,2,2,2,2,62,California,1,1,1
505,3,3,3,2,4,31,California,4,3,3
506,5,5,2,1,6,47,Colorado,5,1,1
507,3,4,1,2,2,59,Ohio,2,3,2
508,3,2,2,2,3,32,Indiana,4,3,2
509,-1,2,3,2,4,25,California,6,4,1
510,-1,1,2,2,3,59,Arkansas,2,1,1
511,5,6,3,1,2,55,Georgia,3,2,2
512,3,2,3,1,3,44,Texas,5,1,1
513,2,3,2,1,6,39,Minnesota,2,2,2
514,-1,4,2,2,3,49,Florida,6,2,2
515,5,5,2,2,3,51,Florida,2,2,4
516,1,3,3,1,6,42,South Carolina,4,-1,3
517,2,4,2,2,2,60,Texas,6,2,3
518,2,1,2,2,4,56,Texas,5,1,1
519,1,2,1,2,5,53,Georgia,4,2,2
520,2,2,1,2,6,54,Minnesota,2,2,3
521,3,5,1,2,2,35,"inapplicable, legitimate skip",5,2,-1
522,5,7,1,2,5,44,Indiana,4,2,5
523,-1,-1,1,2,2,36,Ohio,5,2,1
524,5,7,1,1,2,18,North Carolina,3,1,5
525,5,7,1,1,5,38,Ohio,5,2,5
526,-1,4,2,2,2,22,District of Columbia,5,3,2
527,3,4,2,1,2,28,Georgia,2,4,3
528,1,1,1,2,2,36,Virginia,6,2,2
529,-1,3,1,2,2,29,Wisconsin,6,2,1
530,5,6,1,2,6,43,North Dakota,6,3,2
531,2,2,1,1,6,28,Colorado,1,1,3
532,1,3,1,2,5,36,Washington,6,2,1
533,3,2,1,1,5,43,Washington,5,2,2
534,-1,4,1,1,2,53,Michigan,5,4,1
535,3,7,1,2,5,39,Colorado,-1,3,1
536,5,5,1,2,2,26,Ohio,2,4,1
537,3,1,1,1,5,28,California,2,2,2
538,3,4,1,2,5,64,Georgia,2,1,3
539,5,7,1,2,5,39,"inapplicable, legitimate skip",2,2,3
540,3,5,1,1,5,42,"inapplicable, legitimate skip",-1,3,-1
541,-1,-1,1,2,5,62,"inapplicable, legitimate skip",-1,-1,2
542,5,7,3,1,2,56,New York,2,2,4
543,2,1,1,1,3,42,"inapplicable, legitimate skip",-1,1,-1
544,3,4,3,2,5,35,District of Columbia,2,1,4
545,5,4,1,1,5,31,North Carolina,6,1,5
546,-1,-1,-1,1,3,24,"inapplicable, legitimate skip",-1,-1,-1
547,5,7,1,2,5,31,North Carolina,2,2,2
548,3,4,1,2,5,30,Iowa,3,4,1
549,3,6,1,2,5,41,"inapplicable, legitimate skip",2,2,4
550,5,7,1,2,5,63,North Carolina,3,4,3
551,-1,-1,-1,-1,-1,-1,Midwest,-1,-1,2
552,2,1,-1,2,6,41,California,6,1,1
553,2,2,4,1,4,31,New York,6,2,3
554,3,4,1,2,6,35,Texas,6,4,1
555,5,7,1,1,2,18,Louisiana,-1,4,2
556,1,3,1,1,6,46,New York,1,2,2
557,5,5,1,1,3,61,Illinois,6,1,2
558,3,2,1,1,4,44,South Dakota,4,1,1
559,-1,-1,1,2,2,43,Ohio,6,4,1
560,5,6,1,2,2,43,Florida,2,2,2
561,2,1,1,1,5,33,Texas,3,1,1
562,3,4,1,1,2,33,West Virginia,6,2,1
563,-1,-1,1,2,3,22,New York,6,4,1
564,5,7,1,1,2,54,Arizona,6,1,1
565,3,2,1,2,2,23,New York,2,3,2
566,3,6,2,1,2,21,Nevada,4,3,3
567,2,6,3,2,4,27,California,3,3,3
568,3,6,1,2,4,28,California,6,3,1
569,2,3,1,2,2,22,Missouri,6,3,1
570,-1,6,-1,2,2,18,"inapplicable, legitimate skip",5,3,1
571,-1,6,1,1,2,28,"inapplicable, legitimate skip",6,4,1
572,3,4,3,1,2,48,New Mexico,5,1,2
573,5,5,1,1,2,40,Delaware,5,2,3
574,-1,4,1,1,2,36,Tennessee,5,4,1
575,-1,1,1,2,2,45,"inapplicable, legitimate skip",6,4,2
576,2,1,1,1,2,48,Virginia,1,2,4
577,1,4,1,1,1,56,New Mexico,6,3,1
578,2,1,1,1,4,24,Oregon,4,1,2
579,1,1,1,1,2,38,New York,3,1,2
580,-1,4,1,1,3,30,Utah,2,2,1
581,2,2,1,1,4,55,Minnesota,5,1,2
582,1,1,1,1,5,42,California,3,1,2
583,3,4,1,1,2,55,Alabama,6,2,1
584,3,4,3,1,4,33,Texas,6,2,2
585,3,2,1,2,6,42,Maine,5,3,2
586,-1,-1,1,2,6,32,Virginia,4,3,1
587,3,3,1,1,2,64,Wisconsin,6,1,1
588,2,1,1,1,6,48,California,2,1,3
589,2,3,3,2,3,27,Texas,6,1,2
590,3,3,1,2,6,29,"inapplicable, legitimate skip",1,1,1
591,3,3,1,2,6,43,New Jersey,4,2,3
592,5,6,1,2,6,36,Maryland,6,2,3
593,3,4,1,2,6,44,Tennessee,6,1,2
594,1,1,1,2,6,33,Idaho,6,3,3
595,1,1,1,2,6,32,New York,6,1,1
596,3,4,1,2,6,49,Illinois,6,1,5
597,5,6,1,2,4,65,Oregon,3,4,1
598,3,7,5,1,3,55,Texas,2,2,1
599,3,4,3,1,4,44,Virginia,1,1,1
600,3,3,3,1,2,20,Texas,2,3,2
601,3,2,1,2,5,45,Missouri,5,2,2
602,2,1,1,1,5,28,New York,4,1,1
603,3,3,2,1,2,46,Colorado,6,1,2
604,5,7,-1,1,4,44,South Carolina,1,1,1
605,5,7,3,1,2,52,New York,5,2,2
606,1,2,3,1,2,23,Texas,5,3,3
607,3,5,3,1,2,20,Texas,4,2,2
608,5,4,1,2,3,41,Michigan,5,1,5
609,5,6,1,2,1,22,Arizona,6,3,1
610,-1,7,1,2,3,34,Indiana,6,1,3
611,-1,4,1,2,3,30,Florida,1,4,1
612,-1,4,1,2,2,41,Kansas,5,4,1
613,5,7,1,2,3,32,"inapplicable, legitimate skip",5,2,-1
614,2,3,1,1,3,20,Massachusetts,6,1,1
615,5,7,1,2,3,19,Texas,1,1,1
616,5,7,1,2,2,18,Idaho,1,1,1
617,5,6,1,2,3,59,Kentucky,2,3,1
618,3,4,3,2,1,20,Virginia,4,4,2
619,3,4,2,1,3,62,"inapplicable, legitimate skip",-1,-1,1
620,3,2,1,2,6,38,Illinois,5,3,2
621,2,1,3,1,5,29,Florida,6,1,2
622,3,2,2,1,5,45,Oklahoma,2,2,3
623,5,7,1,1,3,19,Pennsylvania,3,1,3
624,3,6,1,2,6,59,Florida,5,2,1
625,3,1,3,1,5,26,Texas,2,2,2
626,5,7,3,1,2,56,New York,1,1,4
627,3,6,1,2,5,54,Oklahoma,5,1,2
628,5,6,1,2,5,46,Georgia,5,2,3
629,2,1,1,1,2,22,Florida,4,2,4
630,3,6,1,1,5,25,Washington,3,1,2
631,-1,1,2,1,2,62,North Carolina,3,2,1
632,5,7,-1,2,4,24,"inapplicable, legitimate skip",1,2,1
633,5,6,1,2,5,29,California,4,2,1
634,3,3,1,1,6,58,New Jersey,6,1,1
635,1,1,3,2,5,58,Michigan,4,1,2
636,3,2,4,2,5,26,New York,6,2,3
637,-1,1,2,1,2,35,Georgia,5,3,3
638,3,4,2,2,5,39,North Carolina,1,2,3
639,3,5,1,1,1,42,Maryland,6,2,1
640,5,6,1,1,3,22,Florida,5,3,2
641,-1,-1,5,2,6,32,Georgia,6,2,1
642,1,1,4,2,6,37,Ohio,5,1,2
643,-1,-1,1,2,2,41,"inapplicable, legitimate skip",-1,-1,1
644,1,1,1,1,1,56,Pennsylvania,6,1,4
645,5,5,1,1,3,67,Nevada,5,1,2
646,2,6,1,1,3,19,Texas,4,1,1
647,5,7,1,1,2,20,Alaska,2,1,4
648,3,1,1,2,4,59,"inapplicable, legitimate skip",4,1,-1
649,5,7,1,1,2,45,Louisiana,6,2,1
650,2,1,1,1,4,64,Pennsylvania,6,3,1
651,-1,4,3,2,6,31,"inapplicable, legitimate skip",5,4,1
652,3,6,2,1,2,28,Texas,2,2,3
653,3,6,1,2,2,53,Texas,4,3,2
654,-1,-1,1,2,3,52,"inapplicable, legitimate skip",-1,-1,1
655,-1,5,1,2,2,53,Colorado,2,1,5
656,5,6,1,2,1,64,Nevada,6,3,2
657,2,7,1,1,3,60,Kentucky,3,1,5
658,2,1,3,1,2,19,California,4,3,3
659,1,1,-1,2,2,33,Tennessee,6,4,2
660,5,7,1,2,2,86,North Carolina,2,1,1
661,5,3,1,2,2,67,Kentucky,2,3,1
662,3,4,1,1,6,37,Florida,6,1,4
663,5,6,3,1,2,61,New Jersey,2,3,1
664,2,1,1,1,6,38,Ohio,4,1,1
665,2,1,2,2,5,56,California,6,1,1
666,5,7,1,2,4,69,Oklahoma,2,2,1
667,-1,7,1,2,3,25,Missouri,3,2,-1
668,3,2,2,1,3,57,"inapplicable, legitimate skip",1,1,-1
669,3,1,1,1,2,21,California,3,3,4
670,2,2,1,1,5,37,New Jersey,2,2,3
671,2,1,2,1,2,32,New Jersey,2,1,4
672,1,3,1,1,3,45,California,6,1,3
673,3,1,1,2,5,29,California,2,2,4
674,2,3,1,2,6,34,Missouri,3,1,4
675,5,7,1,2,5,61,Iowa,5,1,2
676,1,3,1,2,5,43,Florida,6,1,1
677,5,7,1,2,3,82,Nebraska,2,2,1
678,1,1,1,2,3,68,Florida,5,1,3
679,2,1,1,1,6,38,New York,6,2,4
680,1,1,1,1,6,32,New York,1,1,5
681,2,2,2,1,6,30,California,3,1,3
682,1,3,2,1,3,48,"inapplicable, legitimate skip",6,1,2
683,2,1,1,2,6,60,Florida,5,1,3
684,2,3,1,2,5,56,Massachusetts,4,3,1
685,2,1,1,2,5,64,California,3,1,1
686,5,5,1,2,4,71,New York,2,3,2
687,5,7,1,1,4,78,Nebraska,2,2,1
688,2,3,1,2,5,65,Illinois,6,2,1
689,3,4,1,2,1,62,South Carolina,5,2,3
690,5,6,-1,1,3,49,Kansas,4,3,1
691,2,2,1,1,4,29,Virginia,2,2,3
692,1,1,2,2,4,27,Texas,1,1,3
693,2,1,1,2,4,79,South Dakota,6,2,5
694,2,1,1,2,5,64,Connecticut,6,1,2
695,5,6,1,1,4,29,New York,2,3,3
696,5,7,1,2,4,88,Ohio,1,1,1
697,3,1,1,1,6,61,Wisconsin,2,1,2
698,5,5,1,2,3,71,Arkansas,6,2,2
699,5,7,1,2,3,68,Texas,4,1,1
700,5,4,1,2,4,74,Wisconsin,2,4,1
701,3,4,1,2,3,67,New Jersey,4,4,2
702,3,4,1,1,3,23,California,1,3,2
703,5,5,1,1,2,61,South Carolina,4,1,2
704,2,3,1,1,6,46,Kansas,2,1,4
705,-1,7,1,1,3,52,"inapplicable, legitimate skip",-1,-1,-1
706,5,7,1,2,3,66,Maryland,3,1,4
707,2,1,1,2,6,61,Florida,4,1,2
708,3,4,1,2,5,55,California,2,1,1
709,2,1,1,1,5,28,New York,4,1,4
710,5,2,1,2,3,73,Tennessee,6,1,1
711,1,1,1,2,4,75,Minnesota,4,1,2
712,3,4,1,2,3,70,Michigan,4,1,1
713,3,2,1,1,3,23,Texas,5,2,2
714,3,4,1,2,2,24,Texas,1,3,3
715,1,3,2,2,3,22,Florida,6,1,3
716,-1,4,3,2,2,20,Texas,2,3,1
717,3,4,4,1,2,47,California,5,2,4
718,5,4,1,2,2,28,New York,6,2,2
719,3,6,1,2,6,67,"inapplicable, legitimate skip",4,3,-1
720,2,1,1,2,5,49,Indiana,6,2,1
721,5,7,1,2,3,66,Oregon,1,1,1
722,5,7,1,2,4,72,Texas,2,1,4
723,3,4,1,1,3,68,Ohio,6,1,1
724,3,1,1,2,2,69,"inapplicable, legitimate skip",5,1,-1
725,-1,6,1,2,2,66,Missouri,4,1,5
726,3,1,1,1,4,21,Georgia,4,1,3
727,1,1,1,2,2,64,Georgia,6,2,1
728,2,1,1,2,2,67,Texas,6,1,1
729,-1,4,1,1,3,64,California,6,4,1
730,2,1,1,1,5,56,Michigan,6,1,3
731,5,7,4,2,2,72,Florida,1,2,1
732,3,4,2,1,3,52,Wisconsin,4,1,3
733,1,1,3,1,3,67,Massachusetts,4,1,1
734,3,3,1,2,4,48,"inapplicable, legitimate skip",3,3,1
735,5,7,1,2,3,67,New Mexico,1,1,4
736,-1,-1,2,2,4,62,Michigan,2,4,1
737,3,7,1,1,3,56,New Hampshire,5,2,1
738,3,4,3,2,5,29,Ohio,5,3,3
739,5,5,1,2,2,71,Georgia,4,1,2
740,5,7,1,2,2,65,Florida,6,1,1
741,3,5,1,2,2,65,Massachusetts,2,3,1
742,3,3,1,2,2,70,Maryland,5,3,1
743,3,2,1,2,2,85,Michigan,4,2,1
744,5,5,1,2,2,69,"inapplicable, legitimate skip",6,1,1
745,2,2,3,2,3,68,Arizona,6,2,1
746,3,4,1,2,6,61,Virginia,6,2,1
747,2,2,1,2,6,64,Texas,6,2,3
748,2,2,1,1,6,47,Illinois,3,2,2
749,2,6,1,1,5,33,Florida,1,2,2
750,5,5,1,1,4,69,Utah,2,1,2
751,3,5,1,1,5,58,California,6,1,1
752,5,5,1,2,4,66,Pennsylvania,4,1,1
753,5,6,1,2,2,55,New Jersey,6,3,1
754,5,7,1,2,3,21,Ohio,2,4,1
755,-1,4,1,1,2,27,Pennsylvania,6,2,1
756,3,4,-1,1,6,53,Maine,4,1,2
757,-1,4,-1,1,6,62,Vermont,6,2,2
758,1,3,-1,1,6,63,Massachusetts,6,2,4
759,1,1,1,2,5,43,Alabama,6,1,2
760,3,4,2,2,3,59,Arkansas,5,2,1
761,2,1,2,1,5,60,California,5,1,3
762,3,6,1,2,3,51,Iowa,2,3,2
763,3,2,1,1,4,84,Washington,6,1,1
764,5,7,1,2,3,67,Texas,1,2,5
765,3,4,1,2,3,67,Arizona,6,1,1
766,5,7,1,2,4,67,Minnesota,6,1,1
767,5,6,1,2,3,73,Illinois,2,2,1
768,1,3,-1,1,6,42,Michigan,6,1,1
769,-1,4,1,1,3,41,Missouri,5,2,1
770,2,2,3,1,6,45,Pennsylvania,6,2,5
771,3,1,2,1,2,51,New York,5,2,4
772,3,2,4,1,5,55,California,6,2,2
773,1,1,3,2,6,57,California,5,2,1
774,3,1,-1,2,5,62,New Mexico,6,1,5
775,2,1,4,1,6,62,Massachusetts,2,1,3
776,2,3,1,2,6,59,Washington,6,1,2
777,3,6,1,2,6,63,North Dakota,2,1,5
778,5,5,1,2,3,73,Kentucky,3,2,1
779,5,7,1,1,5,61,Maryland,6,1,3
780,2,3,1,1,4,77,Michigan,5,2,3
781,5,6,1,2,3,73,Oregon,6,1,1
782,3,2,1,2,2,61,Illinois,6,2,1
783,5,5,1,2,2,53,Virginia,3,1,4
784,3,6,1,2,4,53,New York,4,1,5
785,2,2,1,1,2,47,"inapplicable, legitimate skip",6,2,-1
786,5,6,1,2,2,72,Texas,2,4,2
787,3,6,1,1,3,49,"inapplicable, legitimate skip",4,3,1
788,3,6,1,2,5,51,Utah,5,3,1
789,3,6,1,2,5,22,"inapplicable, legitimate skip",3,2,-1
790,3,4,1,2,5,43,California,6,2,3
791,5,7,1,2,5,51,South Dakota,2,1,1
792,5,7,1,1,3,77,Arizona,6,1,1
793,2,1,1,2,4,73,Oregon,5,1,1
794,-1,-1,-1,-1,-1,-1,Northeast,2,-1,1
795,5,2,1,1,4,65,Illinois,6,1,1
796,5,7,1,2,5,28,Montana,2,1,3
797,5,7,1,2,2,50,"inapplicable, legitimate skip",1,2,1
798,-1,4,3,2,3,33,Nevada,6,4,2
799,5,4,1,2,4,64,West Virginia,1,1,1
800,3,2,1,2,5,49,Alaska,4,3,1
801,3,4,2,2,5,42,Texas,6,3,2
802,-1,4,2,1,2,23,Nebraska,4,3,2
803,-1,-1,2,2,3,-1,"inapplicable, legitimate skip",-1,-1,-1
804,3,4,2,2,4,60,Ohio,2,1,3
805,2,4,3,2,2,57,"inapplicable, legitimate skip",6,2,-1
806,-1,-1,2,2,2,58,"inapplicable, legitimate skip",-1,-1,-1
807,5,2,2,1,2,43,Pennsylvania,2,1,4
808,5,7,4,2,4,55,Washington,6,2,1
809,-1,-1,1,2,3,41,"inapplicable, legitimate skip",-1,-1,2
810,3,4,1,1,4,61,Massachusetts,2,1,1
811,1,1,1,1,2,38,"inapplicable, legitimate skip",6,2,-1
812,1,1,1,2,3,33,"inapplicable, legitimate skip",-1,-1,-1
813,3,4,1,2,2,43,Utah,6,4,1
814,3,7,1,1,2,43,Pennsylvania,6,4,2
815,3,6,1,2,2,33,Wisconsin,6,4,1
816,3,3,1,1,2,22,Texas,4,2,3
817,5,7,1,1,2,33,California,2,2,3
818,3,4,1,1,4,36,"inapplicable, legitimate skip",3,3,-1
819,3,1,1,2,4,43,"inapplicable, legitimate skip",2,2,1
820,5,6,3,2,2,45,Texas,2,4,1
821,3,6,1,2,3,42,Ohio,3,3,2
822,-1,1,3,2,1,-1,"inapplicable, legitimate skip",4,1,-1
823,3,4,3,2,2,39,Texas,6,4,1
824,2,3,1,2,3,40,Wisconsin,6,2,3
825,3,6,1,2,3,69,Indiana,5,1,1
826,5,2,1,2,4,82,Pennsylvania,5,2,1
827,3,6,1,2,5,45,Texas,4,2,2
828,2,2,1,2,5,28,Texas,4,3,1
829,1,3,1,2,6,54,Maryland,5,1,2
830,5,6,1,1,6,45,Virginia,1,4,1
831,3,2,1,2,6,47,Texas,2,2,1
832,1,3,3,2,6,66,Texas,5,1,1
833,5,7,1,2,5,48,Ohio,3,1,1
834,2,1,1,1,5,63,Maryland,4,1,2
835,-1,2,3,2,2,39,"inapplicable, legitimate skip",3,2,-1
836,2,1,1,2,3,83,Utah,6,1,2
837,3,7,1,1,5,29,California,2,1,5
838,2,7,1,2,2,54,"inapplicable, legitimate skip",6,4,1
839,-1,-1,1,2,2,52,"inapplicable, legitimate skip",-1,-1,1
840,3,5,1,2,2,62,Massachusetts,6,1,4
841,3,2,2,1,5,25,California,1,4,2
842,5,7,3,1,4,69,Nevada,6,1,1
843,-1,4,1,2,2,58,Michigan,5,2,3
844,5,4,1,1,5,58,"inapplicable, legitimate skip",1,1,-1
845,5,4,3,1,3,22,New Jersey,4,1,1
846,5,7,1,1,2,65,Illinois,5,1,3
847,3,4,3,1,2,41,California,6,4,2
848,2,3,1,2,2,20,Alabama,6,1,3
849,3,5,1,2,2,84,Tennessee,2,1,1
850,5,7,1,2,3,73,Florida,5,1,1
851,5,5,1,2,2,76,New Jersey,2,1,1
852,2,1,1,2,2,20,"inapplicable, legitimate skip",6,3,2
853,-1,-1,1,2,2,67,"inapplicable, legitimate skip",-1,-1,3
854,5,5,1,2,2,77,Texas,6,1,1
855,5,7,1,2,2,69,California,2,1,5
856,5,7,1,2,2,73,Georgia,5,1,1
857,3,-1,1,1,2,39,Washington,5,2,1
858,5,7,1,2,2,70,Pennsylvania,5,1,3
859,-1,-1,2,1,2,30,"inapplicable, legitimate skip",5,-1,1
860,5,6,3,1,4,35,West Virginia,5,1,2
861,1,3,1,2,1,78,Illinois,6,2,1
862,3,3,1,2,3,67,North Carolina,6,2,1
863,5,7,1,1,1,43,Louisiana,5,2,3
864,3,7,1,1,6,43,Virginia,1,1,3
865,2,1,1,1,6,47,Nevada,2,1,3
866,3,6,1,2,5,33,Texas,1,1,3
867,2,2,2,1,2,38,Nevada,5,2,2
868,2,2,1,2,5,27,New York,6,1,3
869,3,3,1,1,2,61,"inapplicable, legitimate skip",5,1,-1
870,2,4,2,2,4,74,New York,5,1,1
871,2,2,1,1,5,54,"inapplicable, legitimate skip",6,2,-1
872,3,5,3,2,6,57,Virginia,3,4,2
873,2,1,1,2,5,73,West Virginia,6,2,2
874,3,2,2,1,2,21,New York,-1,2,1
875,5,1,2,1,2,21,New York,1,2,3
876,2,1,3,1,2,26,Washington,6,1,1
877,3,4,3,1,1,-1,"inapplicable, legitimate skip",-1,-1,-1
878,5,1,3,2,1,27,"inapplicable, legitimate skip",1,2,-1
879,3,3,4,1,5,34,Ohio,4,1,3
880,3,2,2,1,2,-1,"inapplicable, legitimate skip",1,2,-1
881,2,2,3,1,1,27,Texas,4,3,2
882,1,1,1,2,6,39,Arkansas,6,2,3
883,-1,-1,2,2,2,44,"inapplicable, legitimate skip",-1,-1,1
884,2,1,3,2,6,63,"inapplicable, legitimate skip",4,1,1
885,2,2,2,1,1,46,Louisiana,5,3,1
886,2,2,2,2,5,23,New York,2,3,3
887,2,1,-1,2,5,33,North Carolina,5,1,3
888,3,1,3,2,1,26,"inapplicable, legitimate skip",2,2,-1
889,3,1,2,2,5,60,"inapplicable, legitimate skip",-1,1,1
890,3,7,1,1,5,38,New York,2,2,4
891,3,1,1,1,5,48,California,4,3,3
892,3,7,2,2,5,26,Texas,-1,-1,2
893,3,6,3,1,2,23,Florida,2,2,3
894,-1,5,1,1,3,77,Texas,6,2,1
895,2,1,1,2,2,63,Ohio,5,2,1
896,2,1,1,1,5,28,New York,3,1,1
897,2,1,1,2,2,22,New York,3,3,3
898,3,2,1,2,2,59,New York,2,2,3
899,1,1,-1,2,5,26,Georgia,5,2,3
900,3,3,-1,2,5,46,Louisiana,6,3,2
901,2,-1,2,2,5,58,Arkansas,5,2,4
902,3,-1,-1,2,2,33,Louisiana,4,3,1
903,1,1,1,1,5,20,Illinois,1,2,4
904,2,1,1,2,4,61,Nevada,6,2,1
905,5,7,1,2,2,45,Louisiana,2,2,3
906,3,3,1,2,2,53,Indiana,5,3,1
907,3,3,2,2,2,68,Georgia,5,3,1
908,5,4,1,2,2,71,Ohio,5,3,2
909,3,1,1,2,5,27,New York,4,2,3
910,5,3,1,1,5,37,New York,3,2,3
911,2,2,1,2,5,39,Ohio,2,2,5
912,3,3,1,2,5,33,Florida,6,4,2
913,2,4,1,1,3,26,Oregon,3,2,3
914,5,2,2,1,6,31,Texas,1,2,3
915,1,1,1,2,6,70,Utah,6,2,1
916,3,2,1,1,4,58,California,5,1,1
917,1,1,-1,1,4,-1,"inapplicable, legitimate skip",6,1,-1
918,5,6,1,2,2,54,Wisconsin,6,1,1
919,3,2,1,1,5,43,Washington,5,2,2
920,2,2,1,2,3,73,Florida,6,2,3
921,3,1,1,1,5,30,"inapplicable, legitimate skip",2,1,2
922,3,6,5,2,2,26,Oklahoma,4,-1,2
923,5,2,1,2,2,62,Florida,2,4,1
924,2,1,2,2,2,74,New Jersey,2,2,1
925,1,1,1,2,5,71,Texas,5,1,1
926,-1,-1,1,2,2,59,"inapplicable, legitimate skip",-1,-1,1
927,3,2,1,2,5,33,California,4,2,3
928,5,7,1,2,5,64,Arkansas,1,1,1
929,2,3,1,2,3,63,Massachusetts,5,1,1
930,5,4,-1,1,5,70,California,4,1,2
931,3,6,1,2,3,75,Ohio,4,3,4
932,3,5,1,2,5,30,Louisiana,5,3,1
933,2,1,1,2,2,-1,"inapplicable, legitimate skip",5,1,-1
934,1,1,1,1,6,26,Alabama,6,1,4
935,-1,1,1,2,2,59,"inapplicable, legitimate skip",2,4,1
936,3,5,1,2,2,69,New York,6,1,1
937,5,6,1,2,5,58,Oregon,5,1,1
938,3,-1,1,2,1,62,"inapplicable, legitimate skip",6,3,-1
939,1,3,3,2,4,29,Minnesota,6,2,3
940,1,3,3,2,6,52,Virginia,6,1,1
941,1,1,1,2,5,26,"inapplicable, legitimate skip",4,2,1
942,-1,1,4,2,5,46,New York,6,4,5
943,3,4,1,2,5,37,California,2,1,5
944,5,7,1,1,3,49,Oklahoma,3,1,1
945,3,1,5,1,1,26,New York,2,-1,1
946,2,1,1,1,6,28,Texas,3,1,1
947,5,5,1,1,2,52,Michigan,3,2,1
948,5,6,1,1,2,57,Florida,6,2,1
949,5,7,1,2,2,55,Arkansas,2,2,1
950,5,7,1,1,2,42,Indiana,2,3,1
951,5,7,2,1,5,33,Michigan,2,1,4
952,-1,-1,3,2,4,81,"inapplicable, legitimate skip",3,4,-1
953,5,7,1,2,5,57,"inapplicable, legitimate skip",2,2,1
954,5,4,1,2,5,54,Texas,2,4,1
955,2,1,1,1,6,42,District of Columbia,6,1,2
956,-1,1,1,2,2,59,California,-1,3,3
957,5,7,-1,1,6,72,Oklahoma,5,1,3
958,5,7,1,1,5,60,Arkansas,2,1,4
959,5,5,1,1,5,62,Rhode Island,4,1,1
960,5,2,1,2,3,50,North Carolina,4,1,1
961,3,4,1,1,4,53,Indiana,2,2,1
962,5,7,1,1,3,56,Illinois,6,2,3
963,5,7,1,2,4,50,South Carolina,6,1,1
964,3,2,1,1,4,79,Ohio,1,2,2
965,2,4,-1,2,5,47,Florida,4,2,4
966,3,4,1,1,6,59,Texas,4,1,3
967,3,6,1,1,5,51,Georgia,5,1,1
968,2,1,-1,2,4,66,Arizona,6,1,3
969,3,4,2,1,5,77,District of Columbia,6,4,1
970,5,4,1,2,4,55,Michigan,4,4,1
971,2,6,1,1,6,37,Virginia,1,2,2
972,5,1,2,1,5,66,Louisiana,1,1,2
973,5,4,2,1,3,24,Colorado,1,3,3
974,5,6,3,2,2,30,California,2,3,2
975,2,1,3,1,2,30,California,4,3,1
976,3,3,1,2,6,79,Florida,2,2,1
977,5,7,1,1,5,58,Ohio,5,1,5
978,3,1,1,1,5,59,Missouri,6,1,1
979,2,1,1,2,2,68,Florida,6,1,3
980,-1,-1,2,2,4,35,Illinois,6,4,1
981,2,1,2,2,4,75,North Carolina,2,1,5
982,5,6,1,1,4,62,Texas,2,2,3
983,2,2,3,1,2,21,Illinois,6,4,1
984,3,2,1,2,5,25,Florida,2,2,3
985,5,7,1,1,3,63,North Carolina,4,1,5
986,3,1,2,2,4,53,Louisiana,5,1,2
987,3,6,1,2,3,59,Michigan,5,1,1
988,2,1,1,2,6,70,Virginia,6,1,2
989,-1,7,1,2,4,34,Texas,2,2,2
990,2,4,1,1,3,62,Missouri,5,1,1
991,-1,-1,1,2,4,49,Connecticut,6,4,1
992,2,1,1,2,3,63,Montana,6,1,2
993,3,7,1,1,5,39,Tennessee,4,4,1
994,1,3,1,1,5,60,Indiana,6,1,1
995,5,7,-1,1,3,74,"inapplicable, legitimate skip",-1,1,3
996,5,7,-1,1,5,76,Virginia,1,1,1
997,-1,-1,1,2,3,45,Florida,6,4,1
998,2,1,3,2,3,69,New Hampshire,6,1,1
999,2,3,3,2,3,20,Texas,5,2,3
1000,3,3,-1,2,5,52,Georgia,4,1,2
1001,5,7,1,1,4,38,Florida,2,1,1
1002,1,1,2,1,3,55,Texas,5,1,5
1003,2,1,2,1,1,41,"inapplicable, legitimate skip",5,1,-1
1004,-1,4,1,2,1,63,Arizona,6,3,3
1005,-1,4,1,2,2,59,Michigan,6,4,1
1006,2,3,1,2,1,25,Washington,6,2,1
1007,1,3,1,2,3,53,Wisconsin,-1,1,3
1008,5,5,2,1,2,44,Illinois,1,1,1
1009,5,5,1,1,5,54,"inapplicable, legitimate skip",3,1,-1
1010,3,6,1,2,3,45,Indiana,6,3,2
1011,3,4,1,1,3,41,Oregon,5,1,1
1012,1,3,-1,2,5,31,"inapplicable, legitimate skip",6,2,3
1013,3,2,2,2,4,69,Tennessee,5,2,1
1014,2,4,1,2,3,68,Tennessee,2,3,3
1015,3,1,1,2,2,59,"inapplicable, legitimate skip",5,2,-1
1016,2,2,4,2,3,20,Florida,5,2,2
1017,3,7,1,1,2,62,South Carolina,3,1,4
1018,3,5,1,1,4,39,Michigan,5,1,1
1019,3,4,4,1,3,67,California,-1,-1,3
1020,3,2,1,1,2,50,New York,3,2,1
1021,3,4,1,1,1,57,Minnesota,6,1,3
1022,1,1,-1,1,4,37,New York,2,1,3
1023,3,7,1,2,2,59,Ohio,2,3,1
1024,2,2,1,2,2,51,Ohio,6,3,1
1025,3,1,3,2,4,81,Georgia,6,1,1
1026,3,6,1,2,1,54,Mississippi,6,4,1
1027,3,2,4,1,3,22,New Jersey,3,3,2
1028,5,7,-1,1,3,73,California,5,1,4
1029,5,6,1,2,2,63,Pennsylvania,6,4,2
1030,5,6,1,2,2,48,South Carolina,6,2,1
1031,2,1,1,2,3,20,New York,2,2,4
1032,5,1,3,1,3,40,Arizona,2,2,5
1033,1,1,4,2,5,66,New Jersey,5,1,1
1034,1,3,1,1,2,58,Texas,6,1,1
1035,5,7,1,2,2,53,"inapplicable, legitimate skip",5,1,-1
1036,3,3,3,2,3,66,New Mexico,5,1,-1
1037,3,3,1,1,4,63,"inapplicable, legitimate skip",-1,3,-1
1038,5,7,-1,2,3,75,Wisconsin,4,1,1
1039,2,3,3,1,5,41,Colorado,6,2,2
1040,3,4,2,1,3,60,Tennessee,5,2,1
1041,3,4,1,2,2,62,Missouri,4,4,3
1042,3,3,1,2,3,61,"inapplicable, legitimate skip",3,1,4
1043,2,1,2,2,6,70,Texas,5,1,4
1044,2,1,1,1,3,39,Texas,4,2,1
1045,3,2,2,2,6,71,North Carolina,2,1,2
1046,2,1,1,1,3,58,North Carolina,2,1,5
1047,5,6,3,1,2,22,California,2,2,4
1048,2,1,3,2,3,75,Texas,5,2,1
1049,3,4,2,2,3,22,New York,2,3,3
1050,3,1,2,2,3,76,Tennessee,1,3,1
1051,5,4,3,1,5,43,California,2,3,2
1052,2,1,3,1,6,31,California,2,1,2
1053,5,7,1,2,6,60,Tennessee,2,2,3
1054,5,5,1,1,2,18,Oregon,2,2,1
1055,2,1,1,1,3,73,Illinois,2,1,1
1056,3,2,1,1,5,40,Washington,6,2,1
1057,-1,4,1,2,2,60,Louisiana,3,2,4
1058,5,6,1,1,5,52,Pennsylvania,3,2,1
1059,5,6,3,2,6,78,California,5,1,4
1060,-1,4,1,1,2,54,Arizona,6,4,2
1061,3,-1,1,2,5,33,Florida,1,3,2
1062,5,5,1,2,1,33,North Carolina,5,2,1
1063,3,4,1,2,5,62,Missouri,5,1,1
1064,5,7,1,2,5,63,Indiana,3,1,1
1065,3,6,1,2,5,62,Colorado,5,1,1
1066,3,4,1,2,5,48,Florida,6,2,3
1067,1,1,1,1,5,29,Florida,6,2,1
1068,3,6,3,1,6,43,"inapplicable, legitimate skip",3,1,-1
1069,2,1,1,1,2,43,North Carolina,2,1,1
1070,3,4,1,1,2,25,Nevada,6,2,-1
1071,3,4,1,2,4,36,District of Columbia,6,2,4
1072,-1,-1,1,2,1,24,"inapplicable, legitimate skip",-1,-1,1
1073,2,1,2,1,5,33,California,1,1,3
1074,5,7,1,2,5,61,Texas,4,1,2
1075,5,6,1,2,5,32,"inapplicable, legitimate skip",2,3,-1
1076,5,7,1,1,5,43,South Carolina,2,2,2
1077,5,7,1,2,2,77,Missouri,2,1,1
1078,1,1,1,1,2,67,"inapplicable, legitimate skip",6,1,-1
1079,1,1,1,1,2,71,Missouri,6,1,1
1080,5,7,1,1,6,42,North Carolina,3,1,3
1081,3,-1,1,1,1,20,Indiana,6,3,1
1082,3,7,1,1,2,69,Pennsylvania,5,1,1
1083,2,-1,2,1,2,21,Michigan,5,2,3
1084,5,6,1,2,5,42,South Dakota,4,3,1
1085,3,2,3,2,5,38,New York,3,2,3
1086,1,1,3,1,2,78,Florida,2,-1,4
1087,1,1,3,1,5,26,Texas,4,1,2
1088,1,1,1,1,1,22,Indiana,6,2,1
1089,-1,-1,3,2,1,19,Arizona,5,4,1
1090,5,2,3,2,1,43,"inapplicable, legitimate skip",4,4,-1
1091,-1,4,1,2,2,43,West Virginia,4,4,1
1092,3,2,1,2,5,28,Idaho,6,2,2
1093,-1,-1,2,2,1,23,"inapplicable, legitimate skip",1,-1,-1
1094,3,4,2,1,1,21,Michigan,4,3,3
1095,3,4,1,1,2,30,Illinois,5,4,2
1096,3,4,3,1,5,32,California,5,2,2
1097,5,3,2,2,2,23,New York,3,1,4
1098,5,1,2,2,2,30,"inapplicable, legitimate skip",-1,2,-1
1099,5,7,1,2,2,30,Florida,5,2,1
1100,2,2,3,1,1,46,"inapplicable, legitimate skip",5,2,2
1101,-1,-1,1,2,1,41,"inapplicable, legitimate skip",-1,-1,1
1102,-1,-1,3,2,2,23,"inapplicable, legitimate skip",-1,-1,3
1103,3,4,1,1,6,61,Arizona,4,1,4
1104,3,6,1,2,2,31,"inapplicable, legitimate skip",6,4,1
1105,-1,2,3,2,5,26,"inapplicable, legitimate skip",6,4,-1
1106,5,7,1,1,5,46,South Dakota,2,1,1
1107,5,5,1,2,5,31,California,2,3,1
1108,5,6,3,1,2,21,Texas,3,2,4
1109,3,4,1,2,2,22,Pennsylvania,-1,3,3
1110,3,2,1,2,2,20,New York,3,2,3
1111,5,7,3,1,2,56,New York,1,1,4
1112,5,5,1,2,1,20,Michigan,6,3,3
1113,-1,-1,2,2,3,-1,"inapplicable, legitimate skip",-1,-1,-1
1114,5,4,1,1,3,20,New York,6,2,3
1115,2,2,1,1,2,28,Kentucky,6,2,3
1116,3,7,1,1,5,43,Wisconsin,2,1,1
1117,1,3,1,2,2,20,Michigan,4,3,4
1118,2,2,1,2,3,30,Washington,3,3,3
1119,5,2,-1,2,1,58,California,2,1,1
1120,2,3,1,2,4,42,Minnesota,6,1,1
1121,3,3,1,1,2,27,Kentucky,5,2,2
1122,-1,2,2,2,6,32,Missouri,5,3,1
1123,3,4,1,2,3,43,Alaska,6,2,2
1124,5,7,1,2,4,35,Idaho,2,4,2
1125,2,1,1,1,2,20,Utah,4,1,3
1126,2,1,1,2,6,60,Washington,6,3,3
1127,3,1,2,1,2,51,"inapplicable, legitimate skip",3,-1,1
1128,5,5,1,1,4,64,Washington,2,1,1
1129,5,7,5,1,6,46,New York,3,2,3
1130,5,-1,1,2,2,78,Texas,5,1,1
1131,3,7,1,1,2,20,Ohio,1,2,5
1132,-1,-1,1,1,6,-1,"inapplicable, legitimate skip",-1,-1,-1
1133,3,2,1,1,2,23,Utah,3,2,2
1134,3,6,1,2,2,70,Wisconsin,3,3,2
1135,5,7,1,1,2,34,Michigan,5,3,1
1136,5,3,1,2,2,29,Oklahoma,6,2,3
1137,3,3,3,2,5,23,California,2,4,3
1138,3,4,2,1,2,34,North Carolina,6,1,1
1139,3,4,1,2,2,43,Wisconsin,6,3,1
1140,3,1,3,2,2,30,"inapplicable, legitimate skip",-1,2,2
1141,5,5,-1,1,6,68,Ohio,5,1,1
1142,3,3,3,1,4,63,Massachusetts,5,1,5
1143,1,1,2,2,4,59,"inapplicable, legitimate skip",6,1,-1
1144,1,1,1,1,6,43,New Jersey,6,2,3
1145,-1,1,1,1,1,62,New York,2,2,1
1146,5,7,1,2,2,88,"inapplicable, legitimate skip",3,1,-1
1147,5,7,1,1,3,59,Oregon,6,1,1
1148,3,7,1,2,2,65,Georgia,5,2,1
1149,3,1,-1,1,1,71,Alabama,2,1,4
1150,2,1,1,2,6,32,Pennsylvania,3,2,3
1151,2,2,1,2,6,36,District of Columbia,3,1,3
1152,5,7,3,2,2,69,Florida,5,1,1
1153,5,5,1,1,3,82,Nevada,6,3,1
1154,3,5,4,2,5,54,Florida,2,3,1
1155,2,3,1,2,5,63,Texas,6,1,2
1156,5,7,1,1,5,57,"inapplicable, legitimate skip",2,2,1
1157,5,7,1,1,3,64,Oklahoma,4,1,4
1158,5,1,2,2,3,60,"inapplicable, legitimate skip",4,3,3
1159,3,6,4,1,2,29,South Carolina,6,3,3
1160,3,3,-1,2,2,62,Ohio,2,2,1
1161,5,6,1,2,4,88,Florida,4,1,1
1162,5,7,1,2,2,68,Virginia,2,2,3
1163,5,7,1,1,4,77,Oklahoma,6,1,1
1164,-1,4,3,2,5,30,California,4,3,2
1165,-1,-1,1,1,3,50,Texas,5,4,1
1166,-1,2,3,1,2,24,"inapplicable, legitimate skip",2,3,3
1167,5,7,1,1,4,59,Massachusetts,6,1,1
1168,3,4,1,1,2,56,Pennsylvania,6,3,1
1169,5,7,1,2,3,68,Oregon,5,1,3
1170,1,1,2,1,2,47,Florida,4,3,3
1171,-1,-1,3,2,3,19,Kansas,4,2,1
1172,3,1,2,1,2,73,Alabama,1,1,1
1173,2,1,1,2,5,58,Arkansas,4,1,2
1174,3,4,-1,1,6,61,"inapplicable, legitimate skip",1,4,2
1175,5,7,1,1,3,66,North Carolina,5,1,1
1176,5,4,1,1,3,83,Georgia,5,1,1
1177,3,3,1,1,2,74,Pennsylvania,2,1,1
1178,-1,-1,1,2,3,35,Washington,6,-1,1
1179,2,3,1,1,5,50,California,6,2,1
1180,-1,6,1,1,2,66,Kentucky,5,2,1
1181,3,4,2,2,4,23,New York,3,3,3
1182,-1,1,3,1,6,53,"inapplicable, legitimate skip",-1,-1,1
1183,2,1,1,2,6,39,Virginia,4,1,2
1184,3,3,1,1,5,53,Texas,6,1,1
1185,5,6,1,2,3,67,Missouri,5,1,1
1186,5,7,1,1,5,62,California,4,1,3
1187,5,-1,3,2,3,45,New York,2,2,3
1188,5,7,1,1,2,81,Michigan,5,2,1
1189,5,7,1,2,3,69,Florida,2,1,1
1190,-1,4,2,2,2,66,Georgia,1,3,1
1191,1,1,2,1,2,61,Missouri,6,2,5
1192,5,7,1,1,3,60,Nevada,5,1,1
1193,3,2,2,1,4,29,New Jersey,2,2,3
1194,5,7,1,1,2,27,Washington,5,1,2
1195,5,7,4,1,2,20,Virginia,3,1,2
1196,1,1,1,2,6,58,Kentucky,6,1,2
1197,5,7,1,2,4,67,Alabama,5,1,1
1198,5,6,1,2,4,72,Tennessee,5,-1,1
1199,3,3,1,1,6,56,Florida,5,1,3
1200,3,4,1,1,3,72,Florida,6,2,1
1201,5,5,-1,1,3,76,Ohio,2,1,1
1202,2,6,1,1,4,75,Michigan,5,1,2
1203,5,7,1,1,2,65,Michigan,6,1,1
1204,3,6,1,2,3,69,"inapplicable, legitimate skip",5,2,3
1205,3,6,3,2,3,44,Texas,5,3,2
1206,2,1,1,2,6,64,Virginia,5,1,1
1207,2,1,1,2,6,43,New York,2,1,4
1208,-1,5,1,1,4,38,South Carolina,5,2,2
1209,3,3,1,2,4,70,Texas,2,1,1
1210,5,7,1,2,2,81,Florida,4,2,1
1211,2,1,1,2,3,73,Texas,2,3,4
1212,5,4,1,1,2,69,New York,3,2,2
1213,5,7,1,1,2,72,Nevada,6,1,1
1214,3,3,1,1,6,50,"inapplicable, legitimate skip",4,1,2
1215,5,1,-1,2,2,53,Ohio,3,2,1
1216,3,4,1,1,3,50,Colorado,5,2,1
1217,3,2,1,2,6,41,"inapplicable, legitimate skip",6,4,-1
1218,5,5,1,1,4,55,Indiana,5,1,1
1219,3,4,1,1,5,61,Delaware,6,3,2
1220,2,1,4,1,6,32,"inapplicable, legitimate skip",6,1,-1
1221,3,1,3,2,2,46,Ohio,-1,3,1
1222,5,7,1,2,2,79,Florida,6,1,3
1223,5,7,1,1,2,67,Missouri,6,1,1
1224,5,5,1,1,2,60,Oregon,3,2,4
1225,5,7,1,1,4,81,Florida,4,2,2
1226,2,1,1,2,5,72,Texas,1,1,1
1227,5,6,1,1,5,63,California,2,1,1
1228,1,3,1,1,2,58,Kansas,6,1,2
1229,5,7,1,2,5,29,Utah,2,4,1
1230,5,5,1,1,3,81,Alabama,4,1,5
1231,5,7,3,2,3,42,Texas,2,3,1
1232,2,2,-1,1,5,44,California,4,2,2
1233,5,5,1,1,4,61,"inapplicable, legitimate skip",4,2,-1
1234,3,4,3,1,1,20,South Carolina,1,1,5
1235,5,7,1,2,5,57,Texas,5,2,2
1236,1,1,1,2,5,70,California,6,1,1
1237,5,7,1,2,4,66,Ohio,5,2,1
1238,2,3,2,2,4,64,Georgia,5,3,4
1239,3,4,1,2,5,59,Alaska,6,4,1
1240,2,7,2,1,2,31,Washington,1,2,3
1241,5,5,1,1,4,68,Michigan,6,3,2
1242,5,7,1,1,5,55,Montana,6,2,1
1243,5,6,1,1,2,77,South Carolina,6,1,1
1244,5,6,1,1,5,62,North Carolina,6,1,1
1245,3,3,1,1,5,51,"inapplicable, legitimate skip",6,1,-1
1246,3,1,1,2,5,26,California,2,2,3
1247,-1,-1,2,2,3,50,Tennessee,5,4,1
1248,2,2,1,2,4,64,New York,5,2,3
1249,5,7,3,1,2,26,Alabama,6,3,3
1250,1,1,1,2,6,56,Kentucky,6,2,1
1251,5,6,1,1,6,64,West Virginia,3,2,1
1252,3,2,1,1,5,26,Oregon,4,2,3
1253,3,1,3,1,3,51,New York,5,2,1
1254,5,6,-1,1,4,81,South Dakota,2,1,3
1255,5,7,1,1,3,66,Nebraska,6,1,1
1256,5,7,1,1,5,63,Minnesota,4,2,3
1257,5,6,1,1,5,60,Utah,2,1,2
1258,3,2,2,2,3,30,Virginia,2,3,1
1259,3,5,1,1,3,61,Ohio,2,1,2
1260,3,6,1,1,5,24,New York,2,2,3
1261,5,7,1,2,5,59,Pennsylvania,6,2,1
1262,3,4,1,1,5,57,Missouri,6,1,3
1263,3,3,4,1,5,32,California,2,1,3
1264,3,6,1,1,5,59,South Dakota,6,2,1
1265,1,1,1,1,5,38,Missouri,6,1,5
1266,5,7,4,1,1,23,California,6,1,1
1267,5,7,1,2,3,65,Colorado,4,2,1
1268,5,7,1,2,2,63,"inapplicable, legitimate skip",5,3,-1
1269,5,7,1,1,5,57,Illinois,5,1,3
1270,2,1,1,1,6,48,Mississippi,5,1,1
1271,3,3,1,1,5,62,California,5,1,2
1272,3,7,3,1,2,62,New Jersey,4,2,3
1273,1,1,4,1,6,45,California,6,2,1
1274,3,3,1,1,5,57,Michigan,5,1,1
1275,3,5,1,2,3,47,Missouri,2,2,3
1276,2,1,2,2,2,62,Connecticut,5,2,3
1277,5,6,1,1,6,53,Ohio,3,1,1
1278,5,7,1,1,5,62,Nebraska,1,1,1
1279,1,1,1,1,2,23,Washington,6,1,5
1280,2,1,1,1,6,62,Florida,4,1,3
1281,5,7,-1,1,2,66,"inapplicable, legitimate skip",5,2,1
1282,2,2,1,1,5,39,Louisiana,1,2,1
1283,-1,-1,4,1,5,-1,"inapplicable, legitimate skip",-1,-1,-1
1284,5,7,1,2,5,50,Texas,2,1,3
1285,3,4,1,1,2,23,Florida,2,4,3
1286,3,1,2,1,2,-1,"inapplicable, legitimate skip",6,4,-1
1287,5,5,1,1,4,53,Nebraska,6,2,1
1288,5,7,1,1,3,70,Pennsylvania,3,2,1
1289,3,4,2,1,3,54,Georgia,1,2,1
1290,5,5,1,1,4,52,Vermont,5,1,1
1291,5,7,1,1,5,59,Massachusetts,4,1,5
1292,2,1,1,1,1,54,North Carolina,5,1,4
1293,-1,5,-1,2,4,70,"inapplicable, legitimate skip",2,2,-1
1294,2,3,1,2,4,57,Massachusetts,6,1,3
1295,3,2,1,1,5,26,Virginia,1,2,2
1296,3,1,2,2,5,33,California,1,1,1
1297,3,2,1,2,1,42,"inapplicable, legitimate skip",5,4,-1
1298,2,2,2,1,1,64,California,6,2,1
1299,5,5,3,1,5,51,California,2,2,1
1300,3,6,2,1,2,23,California,3,2,4
1301,2,2,-1,1,5,64,Washington,6,1,1
1302,2,2,4,1,6,33,"inapplicable, legitimate skip",5,3,-1
1303,-1,2,3,2,5,45,Pennsylvania,5,4,1
1304,1,1,3,2,6,63,New York,4,2,4
1305,2,2,3,2,5,35,California,3,1,5
1306,-1,2,2,2,2,60,"inapplicable, legitimate skip",6,4,-1
1307,1,1,2,2,6,29,Illinois,2,1,5
1308,1,1,1,1,5,55,Washington,6,1,1
1309,-1,-1,1,2,2,-1,"inapplicable, legitimate skip",-1,-1,-1
1310,5,4,1,1,3,75,Idaho,6,4,1
1311,3,4,3,2,2,21,California,4,3,2
1312,-1,4,3,2,4,54,Florida,6,4,1
1313,2,2,3,2,2,29,California,6,-1,3
1314,3,4,3,2,2,19,California,3,4,3
1315,5,7,1,1,2,40,"inapplicable, legitimate skip",-1,2,1
1316,3,4,1,1,2,20,Ohio,3,2,2
1317,2,2,3,2,2,59,"inapplicable, legitimate skip",5,3,1
1318,5,4,1,1,2,34,Texas,4,3,3
1319,1,1,1,1,2,19,Minnesota,6,1,3
1320,3,1,1,1,2,40,Florida,2,4,2
1321,2,1,2,2,3,52,Missouri,4,1,1
1322,3,4,1,2,2,32,Missouri,5,2,1
1323,1,1,1,2,5,37,"inapplicable, legitimate skip",6,1,-1
1324,5,7,1,1,5,24,Nebraska,2,1,2
1325,5,6,1,2,6,32,South Dakota,2,2,1
1326,-1,4,3,2,2,30,Illinois,-1,-1,1
1327,5,2,2,2,3,39,Maryland,4,2,3
1328,5,7,1,1,2,38,Alabama,4,2,3
1329,1,1,1,2,5,38,Texas,6,1,1
1330,1,1,1,2,5,26,California,1,1,2
1331,-1,-1,3,2,1,45,"inapplicable, legitimate skip",5,4,-1
1332,-1,-1,1,2,5,44,"inapplicable, legitimate skip",-1,-1,1
1333,2,1,1,1,5,-1,"inapplicable, legitimate skip",6,1,-1
1334,1,2,1,1,6,53,Washington,6,2,3
1335,2,2,1,1,5,54,Washington,5,1,2
1336,3,3,1,1,5,64,Ohio,5,1,1
1337,5,7,3,2,2,61,California,1,3,1
1338,5,7,1,2,2,41,Ohio,5,4,1
1339,-1,-1,3,1,1,26,"inapplicable, legitimate skip",-1,-1,-1
1340,-1,3,2,1,1,-1,"inapplicable, legitimate skip",-1,-1,-1
1341,5,7,3,1,2,40,New Jersey,2,1,3
1342,3,1,2,2,3,68,New York,2,2,3
1343,5,7,3,2,3,69,New York,3,1,3
1344,2,-1,2,2,3,69,Ohio,1,2,5
1345,3,5,1,1,3,63,California,4,1,1
1346,5,7,1,2,2,69,North Carolina,2,1,1
1347,1,4,1,2,4,34,"inapplicable, legitimate skip",6,2,2
1348,3,5,3,2,5,31,Florida,6,3,3
1349,-1,4,2,2,2,22,Virginia,5,3,3
1350,5,5,1,2,3,20,Oklahoma,1,2,1
1351,5,7,1,2,2,74,"inapplicable, legitimate skip",5,3,5
1352,3,5,1,2,2,76,Missouri,6,2,1
1353,2,2,1,2,3,32,Maryland,-1,-1,2
1354,5,5,5,1,4,76,Michigan,5,1,1
1355,-1,-1,2,1,3,44,"inapplicable, legitimate skip",-1,-1,-1
1356,-1,-1,1,2,2,20,Tennessee,6,-1,4
1357,3,4,2,2,1,50,Texas,6,4,1
1358,5,7,1,1,2,75,Arizona,5,1,3
1359,5,4,1,2,2,32,"inapplicable, legitimate skip",4,4,1
1360,-1,5,-1,1,4,66,Ohio,2,1,3
1361,2,3,1,1,2,53,Kentucky,6,1,1
1362,5,4,1,2,3,71,Minnesota,2,1,1
1363,5,7,1,1,2,76,Iowa,6,1,1
1364,5,5,1,1,2,27,Colorado,5,3,4
1365,2,2,1,2,3,38,Michigan,6,4,1
1366,5,7,-1,1,4,65,"inapplicable, legitimate skip",-1,1,3
1367,5,7,1,2,2,77,Texas,2,1,1
1368,5,7,1,2,3,35,North Carolina,2,3,1
1369,5,7,1,2,2,42,Georgia,5,3,1
1370,5,7,1,1,2,26,South Carolina,6,1,1
1371,5,7,1,2,4,40,Texas,6,2,2
1372,-1,6,1,2,2,36,Texas,6,2,1
1373,-1,-1,2,1,1,18,"inapplicable, legitimate skip",-1,-1,-1
1374,5,7,1,2,4,72,Florida,6,1,1
1375,-1,7,2,1,1,23,"inapplicable, legitimate skip",-1,2,1
1376,-1,4,3,1,2,50,New York,6,2,1
1377,1,7,1,2,6,36,California,1,1,5
1378,-1,5,1,1,1,41,Louisiana,5,2,1
1379,3,2,1,2,2,20,California,3,2,1
1380,1,3,1,1,3,42,Maine,6,1,4
1381,5,-1,1,2,5,57,Michigan,1,3,2
1382,1,1,2,2,5,33,Texas,1,2,3
1383,3,-1,2,1,2,28,Massachusetts,-1,2,3
1384,3,-1,2,1,2,42,Ohio,4,3,1
1385,-1,-1,3,2,1,21,"inapplicable, legitimate skip",6,4,3
1386,2,1,1,2,5,27,"inapplicable, legitimate skip",6,2,-1
1387,3,2,1,1,2,32,Massachusetts,6,2,1
1388,1,1,2,2,6,64,Mississippi,2,1,1
1389,5,5,1,1,2,41,California,4,3,3
1390,1,3,-1,1,5,33,"inapplicable, legitimate skip",6,2,-1
1391,-1,-1,3,2,2,47,Texas,6,-1,2
1392,1,1,1,2,5,45,Oregon,6,2,5
1393,-1,-1,1,2,5,46,"inapplicable, legitimate skip",-1,-1,1
1394,-1,-1,-1,2,2,26,"inapplicable, legitimate skip",4,4,2
1395,2,1,3,2,6,55,"inapplicable, legitimate skip",5,2,2
1396,-1,4,1,2,2,55,"inapplicable, legitimate skip",-1,-1,3
1397,5,7,1,1,2,61,Florida,4,1,4
1398,2,5,2,1,2,22,"inapplicable, legitimate skip",6,3,-1
1399,3,1,3,2,2,61,California,5,2,2
1400,1,7,2,1,2,21,New York,1,2,3
1401,3,7,2,1,2,22,New York,-1,1,2
1402,-1,-1,1,2,2,48,"inapplicable, legitimate skip",-1,-1,3
1403,3,2,2,1,4,41,Alabama,2,2,2
1404,3,1,2,2,2,43,Ohio,3,1,4
1405,5,7,1,1,3,-1,"inapplicable, legitimate skip",3,1,-1
1406,-1,-1,1,2,2,47,Maine,6,4,1
1407,5,6,1,1,6,46,Michigan,5,1,5
1408,5,4,1,1,2,27,Missouri,6,4,1
1409,5,6,1,2,2,50,Texas,5,2,3
1410,3,1,2,2,3,63,Minnesota,2,1,3
1411,3,3,3,2,3,55,Texas,5,4,1
1412,-1,7,2,2,4,50,"inapplicable, legitimate skip",1,4,-1
1413,3,4,3,2,2,21,"inapplicable, legitimate skip",4,3,-1
1414,3,5,3,1,2,55,Connecticut,6,2,2
1415,-1,-1,1,2,1,45,Kentucky,5,4,1
1416,1,1,1,2,6,61,"inapplicable, legitimate skip",5,1,4
1417,-1,7,4,2,2,29,Illinois,4,-1,2
1418,3,1,3,2,6,33,New York,1,1,4
1419,5,6,1,2,5,56,Florida,4,1,1
1420,2,2,1,1,1,27,Texas,2,2,1
1421,3,6,1,1,2,24,Massachusetts,2,2,3
1422,3,4,1,1,2,61,New York,4,3,2
1423,3,1,2,2,2,59,Texas,2,2,2
1424,-1,6,1,2,2,-1,"inapplicable, legitimate skip",5,-1,-1
1425,3,1,1,2,2,62,Florida,2,1,3
1426,1,1,1,2,3,46,Indiana,6,2,3
1427,-1,-1,1,2,2,27,Missouri,4,3,1
1428,2,1,1,2,2,63,Illinois,6,2,1
1429,-1,5,1,2,3,46,Iowa,5,2,1
1430,1,3,1,2,6,59,Florida,6,2,1
1431,5,5,1,2,3,56,Missouri,5,-1,3
1432,3,1,2,2,2,70,Pennsylvania,5,3,2
1433,2,3,1,2,5,68,Florida,4,1,3
1434,1,1,1,2,6,75,North Carolina,6,1,1
1435,3,7,1,2,2,76,"inapplicable, legitimate skip",5,2,-1
1436,3,6,1,1,5,52,Michigan,5,2,2
1437,5,7,1,2,3,48,West Virginia,1,1,1
1438,3,4,4,1,5,40,California,5,3,1
1439,1,4,1,1,2,48,Pennsylvania,2,2,4
1440,-1,4,2,1,3,37,Illinois,-1,-1,1
1441,2,3,1,2,3,61,New Jersey,6,1,1
1442,2,2,2,2,2,65,New York,5,4,2
1443,5,7,1,1,4,61,New York,1,2,1
1444,3,4,3,2,3,47,Texas,6,4,2
1445,3,1,3,2,2,44,Florida,6,2,1
1446,1,3,3,1,2,41,Oregon,6,1,3
1447,5,5,1,1,2,56,Maine,6,4,1
1448,5,5,1,1,2,53,Ohio,5,4,1
1449,5,6,1,1,3,64,Massachusetts,6,1,1
1450,3,1,1,1,6,85,"inapplicable, legitimate skip",1,1,-1
1451,5,4,1,1,4,64,"inapplicable, legitimate skip",2,2,2
1452,5,7,1,2,3,72,"inapplicable, legitimate skip",2,1,-1
1453,2,1,2,2,5,30,Texas,2,2,3
1454,2,2,1,2,2,49,Illinois,5,3,1
1455,1,1,1,1,6,36,Arizona,4,1,2
1456,5,5,1,1,2,62,Illinois,4,1,2
1457,2,1,1,1,5,48,"inapplicable, legitimate skip",5,2,-1
1458,5,7,1,1,2,58,Pennsylvania,3,1,4
1459,1,1,3,1,2,45,Texas,5,1,1
1460,3,2,3,2,3,65,Illinois,5,4,3
1461,3,2,3,1,2,54,"inapplicable, legitimate skip",3,4,1
1462,3,1,2,1,1,69,New York,2,2,1
1463,5,7,1,2,5,64,California,4,1,1
1464,5,7,1,2,3,67,New York,4,1,1
1465,3,1,1,2,5,72,Pennsylvania,2,1,3
1466,5,7,1,2,3,48,Indiana,4,2,1
1467,-1,-1,1,2,5,29,Florida,6,3,1
1468,3,1,1,2,5,59,Maryland,6,1,5
1469,2,3,1,2,5,58,Texas,3,1,3
1470,5,7,1,2,5,57,Montana,6,1,1
1471,3,4,1,2,4,64,Nevada,5,3,2
1472,3,2,1,2,6,78,Virginia,2,2,3
1473,5,4,1,1,4,54,Minnesota,6,2,1
1474,2,1,1,1,3,72,Arizona,5,1,1
1475,3,3,1,2,6,51,Florida,5,4,3
1476,5,4,1,1,2,51,Nebraska,5,2,1
1477,5,6,-1,1,3,35,"inapplicable, legitimate skip",6,2,3
1478,2,1,1,2,6,69,Illinois,5,1,1
1479,1,1,1,2,5,82,Wisconsin,6,1,1
1480,3,2,1,2,5,70,Virginia,6,2,1
1481,3,3,1,2,5,65,Florida,6,1,1
1482,5,7,1,1,2,58,Florida,5,1,2
1483,5,7,1,1,5,51,North Carolina,2,1,5
1484,5,7,1,1,5,67,Georgia,1,1,2
1485,5,7,1,1,3,62,Indiana,6,1,1
1486,5,2,1,1,2,62,New York,5,2,2
1487,1,1,1,1,5,38,Massachusetts,5,1,1
1488,-1,-1,1,1,2,63,Florida,6,2,1
1489,3,2,1,1,2,60,"inapplicable, legitimate skip",5,2,1
1490,3,1,1,2,5,73,"inapplicable, legitimate skip",4,2,-1
1491,5,7,1,2,2,77,New York,6,2,1
1492,-1,-1,1,2,5,40,South Dakota,6,4,2
1493,-1,-1,1,1,3,42,Ohio,6,4,2
1494,5,7,1,2,2,63,Montana,5,1,1
1495,5,7,1,2,5,68,Georgia,4,1,1
1496,3,1,1,1,5,63,Maine,6,1,1
1497,3,4,1,2,3,60,"inapplicable, legitimate skip",6,3,-1
1498,5,7,1,1,6,61,New York,4,1,4
1499,5,5,1,2,5,24,North Carolina,1,2,2
1500,5,6,1,2,5,57,Iowa,6,1,1
1501,3,3,1,2,5,50,Pennsylvania,2,4,1
1502,2,2,1,2,6,80,Pennsylvania,2,1,3
1503,1,4,1,2,5,29,Illinois,6,1,-1
1504,1,1,1,2,5,-1,"inapplicable, legitimate skip",6,1,-1
1505,5,1,1,2,5,72,Texas,5,1,1
1506,3,2,1,2,5,76,Arizona,5,1,1
1507,-1,-1,1,2,5,28,New York,6,4,1
1508,3,6,1,2,2,58,Iowa,2,2,1
1509,3,4,1,2,3,66,"inapplicable, legitimate skip",6,1,-1
1510,5,7,1,1,5,76,California,3,2,1
1511,3,-1,3,2,2,68,Wisconsin,6,2,1
1512,2,6,5,1,6,33,California,2,2,3
1513,3,4,2,2,3,29,"inapplicable, legitimate skip",6,3,-1
1514,2,3,1,1,5,56,Maryland,6,2,2
1515,5,7,1,2,4,20,Tennessee,6,2,1
1516,3,-1,1,2,3,22,Oregon,5,4,1
1517,3,6,3,2,3,36,California,4,4,1
1518,3,4,1,2,3,74,"inapplicable, legitimate skip",2,3,1
1519,5,7,1,2,3,61,California,5,2,1
1520,3,6,1,2,3,65,California,6,2,1
1521,2,1,1,1,6,65,New Mexico,6,1,1
1522,3,2,1,1,5,38,"inapplicable, legitimate skip",3,1,-1
1523,3,3,2,1,4,72,"inapplicable, legitimate skip",4,3,4
1524,-1,5,3,2,3,19,"inapplicable, legitimate skip",4,3,3
1525,5,6,3,2,4,21,Colorado,2,2,4
1526,5,7,1,1,6,85,Texas,2,1,1
1527,3,5,1,1,3,52,New York,5,2,3
1528,2,5,1,2,4,66,Indiana,6,1,3
1529,3,2,1,2,1,39,Kentucky,5,3,2
1530,1,7,2,1,4,30,Illinois,1,2,4
1531,5,7,1,2,1,69,Colorado,1,1,3
1532,5,7,1,2,2,78,Arizona,6,1,4
1533,1,4,1,1,2,29,Illinois,6,1,5
1534,5,7,1,1,3,59,Illinois,2,1,4
1535,5,7,1,2,3,76,Nebraska,4,1,2
1536,5,7,1,2,3,82,Missouri,2,2,2
1537,2,2,1,2,2,63,"inapplicable, legitimate skip",5,2,-1
1538,5,4,1,2,2,66,Michigan,5,1,1
1539,5,7,1,2,2,67,Ohio,6,1,1
1540,5,6,1,2,4,67,Pennsylvania,2,1,5
1541,5,7,3,1,4,70,Texas,1,2,1
1542,5,7,1,2,2,61,Ohio,5,1,1
1543,5,7,1,2,2,65,Michigan,5,1,1
1544,3,4,1,1,3,58,"inapplicable, legitimate skip",6,4,-1
1545,5,7,1,2,2,94,Arizona,2,1,1
1546,2,1,1,2,3,20,"inapplicable, legitimate skip",4,1,-1
1547,-1,4,1,2,2,25,"inapplicable, legitimate skip",-1,-1,-1
1548,3,6,1,2,2,54,Ohio,6,3,3
1549,-1,4,1,2,3,46,Michigan,6,4,1
1550,3,4,1,2,2,78,Michigan,2,1,1
1551,2,2,2,1,3,47,"inapplicable, legitimate skip",5,1,-1
1552,3,4,3,2,4,37,Utah,3,3,3
1553,2,1,1,2,2,62,New York,5,1,3
1554,2,4,1,1,2,41,Minnesota,6,3,1
1555,3,1,2,2,6,64,Nevada,5,1,2
1556,1,5,2,1,2,24,North Carolina,6,4,2
1557,5,7,1,2,3,55,Michigan,6,1,1
1558,2,2,2,2,3,20,Indiana,6,2,2
1559,3,1,2,2,5,66,"inapplicable, legitimate skip",2,3,-1
1560,-1,4,2,1,2,28,New York,-1,-1,3
1561,3,5,1,1,6,66,Alabama,4,1,1
1562,2,1,3,2,5,26,Washington,1,3,3
1563,5,6,1,1,4,27,Georgia,2,2,3
1564,3,1,1,1,3,70,Ohio,5,1,1
1565,1,4,-1,1,2,40,"inapplicable, legitimate skip",6,2,-1
1566,5,5,3,1,4,69,Oklahoma,2,-1,3
1567,3,4,2,1,2,23,Tennessee,4,3,4
1568,-1,-1,-1,1,2,25,New York,6,2,1
1569,-1,4,-1,2,2,21,"inapplicable, legitimate skip",-1,4,2
1570,3,1,2,2,5,33,California,1,1,1
1571,5,7,3,1,2,33,New York,4,2,3
1572,3,2,2,2,6,32,Louisiana,6,3,1
1573,1,1,3,2,6,25,Texas,6,1,4
1574,2,4,-1,2,2,24,California,6,4,1
1575,3,3,2,1,2,19,California,1,-1,3
1576,3,4,-1,1,3,70,Georgia,2,1,1
1577,1,7,1,1,6,30,New Jersey,3,2,2
1578,3,3,4,1,6,31,Massachusetts,6,3,3
1579,2,3,1,2,5,25,Maine,6,2,1
1580,5,7,4,1,4,22,New York,5,1,3
1581,5,7,1,1,5,24,Texas,2,1,5
1582,3,1,3,1,5,73,California,4,1,4
1583,3,6,5,1,3,28,Nevada,3,3,3
1584,3,1,2,2,3,21,North Carolina,5,4,2
1585,3,1,1,1,5,26,California,1,1,4
1586,1,1,3,1,5,26,California,1,1,4
1587,1,3,-1,1,6,71,California,5,1,2
1588,1,3,1,1,3,55,Texas,6,1,1
1589,3,6,1,1,6,36,California,6,1,1
1590,-1,4,2,2,1,28,Louisiana,4,4,1
1591,5,2,2,1,2,69,Arkansas,2,1,1
1592,2,2,2,1,2,83,South Carolina,2,1,3
1593,-1,-1,3,2,5,32,"inapplicable, legitimate skip",6,3,5
1594,5,5,1,1,2,23,Montana,5,2,1
1595,3,2,2,1,2,66,Pennsylvania,6,2,1
1596,3,3,3,2,5,54,California,6,1,1
1597,3,1,2,1,6,71,Alabama,2,1,2
1598,5,4,2,2,5,34,Virginia,1,2,3
1599,5,7,5,2,5,67,Oklahoma,4,1,1
1600,3,4,1,1,5,50,New Jersey,6,1,2
1601,2,1,1,2,4,37,"inapplicable, legitimate skip",6,2,1
1602,3,4,5,1,4,54,Oklahoma,4,2,1
1603,5,7,3,2,3,67,Florida,4,2,3
1604,1,1,2,2,6,68,"inapplicable, legitimate skip",5,3,-1
1605,3,-1,4,1,6,50,California,1,1,5
1606,5,5,2,2,3,52,"inapplicable, legitimate skip",4,1,-1
1607,-1,4,2,1,2,43,Florida,-1,-1,1
1608,5,7,3,1,2,56,New York,2,1,4
1609,5,7,-1,1,6,63,Kentucky,5,1,3
1610,1,3,1,1,5,37,Texas,5,1,3
1611,5,7,1,2,4,-1,"inapplicable, legitimate skip",2,3,-1
1612,2,1,1,2,6,55,Michigan,6,1,1
1613,5,7,1,2,5,40,Texas,4,1,1
1614,1,1,1,1,3,23,"inapplicable, legitimate skip",6,1,3
1615,1,1,1,2,5,42,New York,4,2,3
1616,2,2,1,1,6,32,Pennsylvania,3,2,1
1617,3,5,1,2,6,42,Texas,6,4,3
1618,-1,4,3,2,2,42,Texas,2,4,1
1619,-1,-1,1,2,2,37,Nebraska,6,4,1
1620,3,3,2,1,5,42,New Jersey,1,2,5
1621,2,2,1,2,4,40,Massachusetts,6,3,2
1622,-1,4,1,1,2,-1,"inapplicable, legitimate skip",4,3,-1
1623,2,3,2,2,3,55,Idaho,6,2,3
1624,3,4,-1,2,2,34,Connecticut,5,2,2
1625,1,1,2,2,4,51,Michigan,2,1,4
1626,3,2,1,1,2,31,Montana,4,2,2
1627,5,2,2,1,4,64,Texas,3,2,2
1628,1,1,1,1,3,23,California,5,1,3
1629,3,7,1,1,2,44,"inapplicable, legitimate skip",-1,-1,1
1630,3,3,1,2,2,35,Alabama,6,4,2
1631,-1,3,1,1,4,41,Washington,5,1,3
1632,2,3,1,2,2,38,Colorado,6,3,2
1633,-1,-1,2,2,3,31,"inapplicable, legitimate skip",-1,-1,1
1634,3,1,3,2,2,41,Georgia,5,3,2
1635,3,2,2,2,3,57,Maryland,1,3,1
1636,5,6,3,1,2,61,Texas,5,2,4
1637,3,-1,1,2,2,22,New York,2,3,2
1638,2,2,4,1,6,55,California,5,1,3
1639,5,4,2,2,5,26,California,2,4,3
1640,3,1,1,1,3,54,Florida,-1,3,1
1641,2,3,1,1,4,20,Virginia,5,1,1
1642,5,7,1,1,6,39,Virginia,1,1,1
1643,3,2,3,1,5,58,Washington,5,1,1
1644,3,6,-1,1,1,52,"inapplicable, legitimate skip",6,2,-1
1645,2,1,3,1,5,56,Texas,6,2,1
1646,3,6,1,1,2,21,Florida,2,2,4
1647,5,4,1,1,3,54,Florida,6,1,3
1648,5,5,1,1,6,75,Kansas,1,1,2
1649,-1,7,1,2,5,47,"inapplicable, legitimate skip",6,3,2
1650,5,-1,1,2,5,64,Ohio,4,2,3
1651,5,7,1,1,2,70,Michigan,1,1,1
1652,-1,-1,1,2,2,21,Maine,6,4,2
1653,3,4,1,1,2,27,"inapplicable, legitimate skip",2,4,-1
1654,5,4,1,1,2,70,Indiana,6,3,2
1655,2,-1,1,1,5,54,Alabama,6,1,3
1656,2,2,1,2,6,32,New Jersey,5,4,3
1657,5,7,1,1,4,74,Oregon,5,2,1
1658,5,7,3,2,3,24,South Carolina,4,4,1
1659,5,6,1,1,5,46,Missouri,6,3,1
1660,5,7,3,1,2,85,California,2,1,1
1661,3,3,1,1,3,76,Louisiana,6,1,1
1662,5,7,1,1,5,76,Arizona,1,1,2
1663,5,7,1,1,4,29,Oklahoma,3,1,2
1664,2,2,1,1,2,22,California,2,1,3
1665,2,1,-1,1,5,24,Missouri,4,1,1
1666,2,2,3,2,2,20,New York,6,3,1
1667,1,2,1,2,6,37,"inapplicable, legitimate skip",6,3,2
1668,5,7,1,1,2,30,Florida,-1,2,3
1669,1,1,-1,1,5,40,Washington,6,1,2
1670,2,1,1,2,2,23,New York,2,2,3
1671,3,6,1,2,2,25,"inapplicable, legitimate skip",4,2,1
1672,3,1,1,2,5,37,"inapplicable, legitimate skip",2,2,4
1673,-1,2,3,2,3,25,"inapplicable, legitimate skip",-1,3,2
1674,3,2,3,2,4,20,California,4,-1,2
1675,3,5,1,1,2,58,South Carolina,6,1,1
1676,5,4,-1,2,3,71,California,2,1,2
1677,5,5,3,2,3,53,Tennessee,6,1,5
1678,2,3,2,1,5,76,Georgia,5,1,3
1679,1,3,1,1,2,43,California,5,2,2
1680,5,5,1,1,2,49,Idaho,5,1,1
1681,2,2,2,1,2,23,New York,2,2,3
1682,5,1,4,1,2,56,"inapplicable, legitimate skip",-1,2,1
1683,2,2,1,2,5,83,Hawaii,3,1,1
1684,2,2,1,2,3,25,Pennsylvania,3,1,5
1685,2,2,1,2,5,67,New York,3,2,4
1686,3,4,1,1,2,51,West Virginia,6,4,1
1687,2,1,1,2,5,72,Ohio,3,1,1
1688,2,4,3,2,1,26,"inapplicable, legitimate skip",2,-1,3
1689,5,5,1,1,5,61,Mississippi,2,2,4
1690,3,2,1,2,2,20,New York,3,2,1
1691,3,-1,1,2,2,20,Pennsylvania,2,4,1
1692,2,4,1,1,2,23,Michigan,6,4,2
1693,3,-1,1,1,2,23,Texas,1,-1,3
1694,5,5,1,1,4,69,Michigan,1,2,1
1695,3,5,-1,1,3,38,Florida,3,1,4
1696,3,7,1,2,3,61,"inapplicable, legitimate skip",5,2,3
1697,5,5,1,2,6,62,North Carolina,4,2,1
1698,5,7,1,1,6,41,Virginia,2,2,3
1699,3,2,1,1,2,32,Texas,2,2,3
1700,3,4,1,1,3,53,Pennsylvania,-1,1,2
1701,2,2,1,1,3,63,Arizona,6,1,1
1702,1,1,1,1,6,60,Texas,2,1,3
1703,-1,4,1,2,2,30,Michigan,-1,4,2
1704,2,2,3,1,2,22,Texas,6,-1,1
1705,1,1,2,2,4,50,Illinois,6,1,3
1706,2,1,2,2,4,67,Michigan,1,1,1
1707,3,4,1,1,3,53,Kansas,6,2,3
1708,1,2,1,1,6,33,Florida,2,1,4
1709,5,5,1,1,4,73,Florida,-1,1,1
1710,5,5,1,2,4,67,Nevada,2,2,3
1711,3,4,1,1,4,70,California,3,1,1
1712,5,7,1,1,5,45,Michigan,6,1,1
1713,3,5,1,1,3,49,Michigan,5,1,1
1714,3,5,1,1,3,64,New Hampshire,6,1,2
1715,5,1,1,2,5,51,Florida,3,1,5
1716,2,1,1,2,3,61,Florida,4,1,2
1717,2,3,1,1,4,42,Virginia,6,2,1
1718,5,6,1,1,4,53,Idaho,6,1,1
1719,2,3,1,1,3,61,Ohio,6,1,1
1720,5,6,2,2,6,63,Mississippi,4,2,1
1721,2,3,1,2,6,63,South Carolina,2,1,1
1722,3,2,1,1,2,39,New York,5,2,1
1723,2,3,1,1,6,57,California,5,1,1
1724,5,7,1,2,3,62,Illinois,6,2,1
1725,-1,7,2,2,2,18,Texas,2,-1,2
1726,3,7,1,2,2,50,Indiana,6,4,1
1727,2,2,1,1,1,27,Texas,3,3,2
1728,3,1,1,1,6,42,Illinois,6,1,1
1729,1,1,1,2,3,21,"inapplicable, legitimate skip",4,2,-1
1730,2,2,1,2,2,27,Indiana,5,2,3
1731,1,1,1,2,6,38,New York,6,2,1
1732,5,4,1,2,2,55,Maine,6,4,1
1733,2,2,1,2,3,19,Florida,5,3,3
1734,5,5,1,2,4,64,Georgia,6,1,1
1735,3,3,1,1,3,64,Indiana,6,1,3
1736,2,2,-1,2,5,34,Texas,6,4,1
1737,2,2,1,2,6,64,Wisconsin,6,2,3
1738,2,1,1,1,6,59,California,6,2,2
1739,3,4,1,1,5,58,Pennsylvania,6,1,1
1740,2,3,1,1,2,67,Montana,6,1,1
1741,3,3,1,2,3,55,New York,2,2,4
1742,2,1,1,1,6,73,California,4,1,1
1743,2,1,1,1,3,50,Virginia,6,2,3
1744,5,7,-1,2,2,69,California,2,2,1
1745,3,4,2,1,5,26,South Carolina,2,2,2
1746,5,5,3,2,6,71,Texas,1,1,1
1747,5,6,1,1,3,67,Florida,5,2,1
1748,1,1,1,2,6,36,Georgia,6,2,4
1749,5,7,1,2,5,60,Texas,4,1,4
1750,2,1,1,1,5,54,Maryland,6,1,4
1751,5,7,1,1,3,73,North Carolina,6,1,1
1752,5,5,1,2,5,69,"inapplicable, legitimate skip",2,1,-1
1753,2,5,1,2,5,41,Michigan,5,2,2
1754,5,7,1,1,2,63,Alabama,2,3,1
1755,5,7,1,2,6,45,New Hampshire,6,4,2
1756,1,1,1,2,5,52,Virginia,4,1,3
1757,5,4,1,2,6,59,Florida,1,1,5
1758,-1,-1,3,2,2,75,"inapplicable, legitimate skip",5,4,-1
1759,2,1,1,1,3,76,Ohio,6,2,2
1760,1,3,1,1,5,57,Illinois,5,1,2
1761,-1,-1,1,1,6,62,"inapplicable, legitimate skip",-1,-1,4
1762,5,2,2,2,3,70,Texas,1,2,2
1763,1,1,2,2,4,55,Texas,3,1,3
1764,3,4,1,1,5,54,South Carolina,6,4,1
1765,3,5,1,2,5,37,Ohio,4,4,1
1766,3,1,3,2,1,27,Texas,1,3,2
1767,5,6,3,2,6,35,Florida,5,1,4
1768,5,7,1,2,2,60,South Carolina,3,1,1
1769,3,4,1,2,2,-1,"inapplicable, legitimate skip",6,1,-1
1770,3,3,1,1,6,71,Illinois,5,1,4
1771,3,4,1,1,3,41,Georgia,1,1,1
1772,3,5,1,2,5,33,Virginia,2,1,1
1773,3,5,1,1,5,79,Illinois,1,1,3
1774,3,4,3,2,3,79,Kentucky,6,1,1
1775,5,6,1,2,5,66,Missouri,2,3,1
1776,3,-1,2,2,2,54,New York,1,4,1
1777,-1,4,1,2,2,49,"inapplicable, legitimate skip",3,4,1
1778,3,3,1,1,6,76,South Carolina,6,1,1
1779,5,4,1,2,5,41,New York,5,3,5
1780,3,4,1,2,3,34,Ohio,5,2,2
1781,3,6,1,2,2,24,California,4,3,2
1782,5,7,1,2,2,80,Florida,2,1,2
1783,5,6,1,2,4,61,Illinois,2,3,1
1784,5,7,1,2,4,77,Michigan,2,1,1
1785,2,2,4,2,5,34,California,6,2,1
1786,3,3,1,2,4,35,Idaho,6,4,3
1787,5,5,1,2,2,90,Indiana,2,2,1
1788,3,5,1,2,5,40,"inapplicable, legitimate skip",5,1,-1
1789,5,5,1,2,4,66,"inapplicable, legitimate skip",1,2,2
1790,3,-1,-1,2,5,73,Oregon,6,1,3
1791,1,2,3,2,5,22,California,6,4,3
1792,5,6,1,2,4,58,New York,6,4,1
1793,5,6,2,2,2,20,Utah,1,4,2
1794,5,4,1,2,4,44,Texas,2,1,1
1795,5,7,1,2,3,61,"inapplicable, legitimate skip",-1,1,1
1796,3,2,2,2,2,38,California,5,4,1
1797,5,5,1,2,5,70,Virginia,3,1,2
1798,3,4,1,2,2,68,"inapplicable, legitimate skip",6,2,-1
1799,3,4,1,2,2,44,Iowa,6,1,1
1800,5,7,1,2,3,66,Florida,6,1,5
1801,5,5,1,2,3,76,California,5,1,3
1802,5,6,1,2,4,70,Virginia,2,2,1
1803,2,-1,1,2,3,25,"inapplicable, legitimate skip",4,2,-1
1804,5,5,1,2,3,46,Iowa,1,1,2
1805,5,7,1,1,5,74,Florida,4,2,1
1806,3,4,1,2,2,68,Michigan,6,4,1
1807,5,6,1,2,2,73,Florida,6,1,1
1808,-1,2,3,2,2,22,California,-1,-1,1
1809,3,2,1,2,2,20,California,2,3,3
1810,2,6,1,2,2,31,Nevada,4,3,2
1811,2,2,-1,2,6,27,District of Columbia,2,2,1
1812,5,1,3,2,5,-1,"inapplicable, legitimate skip",1,1,-1
1813,3,2,2,2,3,60,Indiana,3,2,1
1814,5,7,1,1,4,54,"inapplicable, legitimate skip",6,1,2
1815,-1,4,1,2,2,63,Florida,-1,-1,5
1816,-1,4,2,2,2,28,"inapplicable, legitimate skip",4,2,2
1817,1,1,1,2,2,29,"inapplicable, legitimate skip",6,2,2
1818,3,6,1,2,5,30,Washington,4,1,5
1819,-1,4,3,2,2,38,"inapplicable, legitimate skip",6,4,1
1820,5,2,1,1,2,38,New York,3,3,1
1821,3,7,3,1,2,24,Connecticut,4,3,1
1822,-1,-1,1,1,3,20,"inapplicable, legitimate skip",-1,-1,3
1823,3,5,1,1,2,34,Kentucky,4,2,1
1824,5,1,3,2,2,26,Arizona,4,2,3
1825,3,4,1,2,5,43,Wisconsin,5,1,3
1826,5,7,1,1,4,59,Indiana,3,2,4
1827,1,3,-1,2,5,30,Washington,5,2,3
1828,-1,-1,3,2,2,45,"inapplicable, legitimate skip",1,3,1
1829,2,1,1,1,2,27,New Jersey,2,2,4
1830,3,4,3,1,2,50,California,5,3,3
1831,3,2,2,1,2,42,Mississippi,6,2,1
1832,3,2,1,2,6,27,Pennsylvania,2,2,1
1833,-1,4,4,2,5,47,Illinois,1,2,4
1834,3,4,1,2,4,27,New York,2,2,3
1835,2,3,2,2,1,34,Maryland,6,3,1
1836,1,1,1,2,6,38,Nevada,5,1,4
1837,3,4,3,2,3,26,California,1,2,3
1838,1,1,1,1,2,40,Pennsylvania,6,2,1
1839,3,4,2,2,4,61,Arkansas,1,3,2
1840,2,1,2,2,4,60,Georgia,6,2,1
1841,5,7,1,2,2,29,Pennsylvania,4,2,3
1842,3,2,1,1,3,23,Montana,3,3,2
1843,-1,4,1,2,2,55,Maine,3,1,3
1844,5,7,3,2,3,18,"inapplicable, legitimate skip",3,2,1
1845,1,-1,1,1,2,22,Wisconsin,6,-1,3
1846,2,1,2,1,3,47,Mississippi,5,1,3
1847,3,1,3,1,3,33,Wisconsin,5,2,1
1848,1,1,1,1,5,42,Michigan,6,2,1
1849,5,7,1,1,2,57,Nevada,6,1,1
1850,3,7,1,1,5,26,New York,3,2,3
1851,5,5,1,2,5,44,California,6,2,3
1852,2,1,1,2,3,20,New York,6,2,3
1853,5,5,1,1,3,59,Washington,2,1,4
1854,3,4,1,1,6,39,New York,6,2,3
1855,5,1,1,1,5,19,Florida,2,2,4
1856,5,7,1,2,4,-1,"inapplicable, legitimate skip",6,1,-1
1857,-1,-1,1,2,4,63,"inapplicable, legitimate skip",-1,-1,4
1858,5,5,1,2,5,76,West Virginia,3,4,3
1859,-1,-1,3,2,3,23,"inapplicable, legitimate skip",3,-1,2
1860,2,2,2,1,2,66,"inapplicable, legitimate skip",6,4,-1
1861,2,1,1,1,3,43,New York,6,1,2
1862,2,2,3,2,3,22,New Mexico,2,4,1
1863,-1,2,3,1,3,18,"inapplicable, legitimate skip",-1,2,1
1864,5,7,-1,2,2,76,Washington,6,1,1
1865,1,1,2,2,2,52,Nevada,4,2,3
1866,2,4,3,1,2,22,Texas,6,-1,1
1867,-1,6,-1,2,3,29,"inapplicable, legitimate skip",-1,-1,1
1868,3,1,2,2,2,54,Florida,6,2,2
1869,3,5,3,1,2,21,Florida,2,2,3
1870,5,7,2,1,1,62,Texas,2,1,1
1871,-1,4,3,2,2,18,Texas,1,4,1
1872,-1,2,2,2,2,48,"inapplicable, legitimate skip",-1,4,1
1873,5,7,1,1,3,58,Pennsylvania,2,1,1
1874,-1,4,-1,1,2,54,Georgia,-1,2,1
1875,3,5,1,2,3,62,Florida,6,2,1
1876,5,6,1,1,2,45,Illinois,6,2,1
1877,3,2,3,2,2,43,Texas,5,1,3
1878,5,5,1,2,2,58,New Jersey,5,2,1
1879,-1,7,1,1,2,54,Illinois,6,2,3
1880,-1,-1,-1,2,2,28,"inapplicable, legitimate skip",-1,-1,-1
1881,2,7,1,2,2,36,Wisconsin,6,2,4
1882,5,7,1,2,2,62,Michigan,2,2,1
1883,3,4,1,1,3,47,Oklahoma,6,1,1
1884,5,2,3,1,1,38,California,4,2,2
1885,3,5,1,1,2,52,Tennessee,1,1,4
1886,-1,4,-1,2,2,43,Pennsylvania,-1,2,3
1887,5,7,1,1,2,61,Alabama,5,1,1
1888,5,7,1,1,2,64,North Carolina,6,1,1
1889,2,2,1,1,2,44,"inapplicable, legitimate skip",3,3,3
1890,3,6,1,2,3,21,Texas,4,3,2
1891,3,-1,1,2,2,52,Kansas,2,3,2
1892,1,4,4,2,3,22,Nevada,6,2,1
1893,5,5,-1,1,2,29,"inapplicable, legitimate skip",6,2,-1
1894,5,7,3,1,2,26,Missouri,2,-1,3
1895,-1,-1,2,2,5,40,"inapplicable, legitimate skip",6,3,1
1896,3,1,3,2,2,26,California,6,2,2
1897,3,2,2,1,2,33,Texas,1,-1,3
1898,3,4,1,2,6,25,New York,2,4,3
1899,5,6,4,1,5,50,California,5,1,5
1900,3,6,2,2,1,45,"inapplicable, legitimate skip",1,1,-1
1901,1,2,1,2,1,28,Illinois,6,1,1
1902,5,6,1,1,6,73,California,5,1,2
1903,1,3,2,2,6,75,Massachusetts,6,1,1
1904,1,2,1,1,5,35,Minnesota,6,1,4
1905,1,1,3,1,4,58,California,5,1,2
1906,2,1,3,2,5,59,Washington,6,1,2
1907,2,1,1,2,6,26,North Carolina,6,2,4
1908,2,1,1,1,5,64,California,5,1,1
1909,-1,6,1,2,2,69,Connecticut,5,4,2
